"","Player_Id","Player_Name","hard_Hitting_Ability_17","Finisher_17","Fast_Scoring_ability_17","Consistency_bat_17","RunsBetweenWicket_17","hard_Hitting_Ability_17_16","Finisher_17_16","Fast_Scoring_ability_17_16","Consistency_bat_17_16","RunsBetweenWicket_17_16","hard_Hitting_Ability_17_16_15","Finisher_17_16_15","Fast_Scoring_ability_17_16_15","Consistency_bat_17_16_15","RunsBetweenWicket_17_16_15","Economy_17","Wicket_Taking_Ability_17","Ball_Consistency_17","Crucial_Wicket_Taking_Ability_17","Short_Performance_Index_17","Economy_17_16","Wicket_Taking_Ability_17_16","Ball_Consistency_17_16","Crucial_Wicket_Taking_Ability_17_16","Short_Performance_Index_17_16","Economy_17_16_15","Wicket_Taking_Ability_17_16_15","Ball_Consistency_17_16_15","Crucial_Wicket_Taking_Ability_17_16_15","Short_Performance_Index_17_16_15"
"1",1,"SC Ganguly",NA,NA,NA,NA,NA,NA,NA,NA,NA,NA,NA,NA,NA,NA,NA,NA,NA,NA,NA,NA,NA,NA,NA,NA,NA,NA,NA,NA,NA,NA
"2",2,"BB McCullum",0.986784140969163,0,1.40969162995595,29.0909090909091,0.533333333333333,1.34,0,1.348,24.962962962963,0.0109289617486339,1.48802017654477,-0.024390243902439,1.39974779319042,27.75,-0.125673249551167,NA,NA,NA,NA,NA,NA,NA,NA,NA,NA,NA,NA,NA,NA,NA
"3",3,"RT Ponting",NA,NA,NA,NA,NA,NA,NA,NA,NA,NA,NA,NA,NA,NA,NA,NA,NA,NA,NA,NA,NA,NA,NA,NA,NA,NA,NA,NA,NA,NA
"4",4,"DJ Hussey",NA,NA,NA,NA,NA,NA,NA,NA,NA,NA,NA,NA,NA,NA,NA,NA,NA,NA,NA,NA,NA,NA,NA,NA,NA,NA,NA,NA,NA,NA
"5",5,"Mohammad Hafeez",NA,NA,NA,NA,NA,NA,NA,NA,NA,NA,NA,NA,NA,NA,NA,NA,NA,NA,NA,NA,NA,NA,NA,NA,NA,NA,NA,NA,NA,NA
"6",6,"R Dravid",NA,NA,NA,NA,NA,NA,NA,NA,NA,NA,NA,NA,NA,NA,NA,NA,NA,NA,NA,NA,NA,NA,NA,NA,NA,NA,NA,NA,NA,NA
"7",7,"W Jaffer",NA,NA,NA,NA,NA,NA,NA,NA,NA,NA,NA,NA,NA,NA,NA,NA,NA,NA,NA,NA,NA,NA,NA,NA,NA,NA,NA,NA,NA,NA
"8",8,"V Kohli",0.614785992217899,0,1.19844357976654,30.8,0.672645739910314,1.16228070175439,0.115384615384615,1.40021929824561,58.0454545454545,0.31,1.07880642693191,0.119047619047619,1.36342769701607,55.6875,0.362926829268293,NA,NA,NA,NA,NA,12.75,Inf,Inf,0,0,8.52631578947368,Inf,Inf,0,0
"9",9,"JH Kallis",NA,NA,NA,NA,NA,NA,NA,NA,NA,NA,NA,NA,NA,NA,NA,NA,NA,NA,NA,NA,NA,NA,NA,NA,NA,NA,NA,NA,NA,NA
"10",10,"CL White",NA,NA,NA,NA,NA,NA,NA,NA,NA,NA,NA,NA,NA,NA,NA,NA,NA,NA,NA,NA,NA,NA,NA,NA,NA,NA,NA,NA,NA,NA
"11",11,"MV Boucher",NA,NA,NA,NA,NA,NA,NA,NA,NA,NA,NA,NA,NA,NA,NA,NA,NA,NA,NA,NA,NA,NA,NA,NA,NA,NA,NA,NA,NA,NA
"12",12,"B Akhil",NA,NA,NA,NA,NA,NA,NA,NA,NA,NA,NA,NA,NA,NA,NA,NA,NA,NA,NA,NA,NA,NA,NA,NA,NA,NA,NA,NA,NA,NA
"13",13,"AA Noffke",NA,NA,NA,NA,NA,NA,NA,NA,NA,NA,NA,NA,NA,NA,NA,NA,NA,NA,NA,NA,NA,NA,NA,NA,NA,NA,NA,NA,NA,NA
"14",14,"P Kumar",0,0.5,0.888888888888889,8,0.888888888888889,0.833333333333333,0.375,0.888888888888889,6.4,0.0666666666666667,0.655737704918033,0.416666666666667,0.80327868852459,7,0.169811320754717,9.42056074766355,17.8333333333333,28,0,1,8.46478873239437,28.4,40.0666666666667,0,0.681818181818182,8.79878048780488,29.8181818181818,43.7272727272727,0,0.647058823529412
"15",15,"Z Khan",0,0.666666666666667,0.307692307692308,4,0.307692307692308,0.384615384615385,0.4,0.384615384615385,3.33333333333333,0,0.384615384615385,0.4,0.384615384615385,3.33333333333333,0,8.24390243902439,24.6,33.8,0,0.909090909090909,8.07736943907157,25.85,34.8,0,0.869565217391304,7.75892857142857,24.8888888888889,32.1851851851852,0,0.9
"16",16,"SB Joshi",NA,NA,NA,NA,NA,NA,NA,NA,NA,NA,NA,NA,NA,NA,NA,NA,NA,NA,NA,NA,NA,NA,NA,NA,NA,NA,NA,NA,NA,NA
"17",17,"PA Patel",0.792207792207792,0,1.28246753246753,24.6875,0.601593625498008,1.53518123667377,-0.0769230769230769,1.21961620469083,23.8333333333333,-0.455384615384615,1.64364640883978,0,1.25828729281768,26.0285714285714,-0.574074074074074,NA,NA,NA,NA,NA,NA,NA,NA,NA,NA,NA,NA,NA,NA,NA
"18",18,"ML Hayden",NA,NA,NA,NA,NA,NA,NA,NA,NA,NA,NA,NA,NA,NA,NA,NA,NA,NA,NA,NA,NA,NA,NA,NA,NA,NA,NA,NA,NA,NA
"19",19,"MEK Hussey",NA,NA,NA,NA,NA,NA,NA,NA,NA,NA,0.684931506849315,0,1.05479452054795,19.25,0.428571428571429,NA,NA,NA,NA,NA,NA,NA,NA,NA,NA,NA,NA,NA,NA,NA
"20",20,"MS Dhoni",0.597701149425287,0.133333333333333,1.11111111111111,29,0.582608695652174,0.686070686070686,0.222222222222222,1.19334719334719,35.875,0.587951807228916,0.759493670886076,0.159090909090909,1.19746835443038,33.7857142857143,0.516417910447761,NA,NA,NA,NA,NA,NA,NA,NA,NA,NA,NA,NA,NA,NA,NA
"21",21,"SK Raina",0.793548387096774,0.214285714285714,1.4258064516129,49.1111111111111,0.768627450980392,1.28367670364501,0.103448275862069,1.33280507131537,36.5652173913044,0.0660980810234542,1.17894736842105,0.108695652173913,1.27894736842105,33.75,0.130853994490358,8.5,72,102,0,0.166666666666667,8.52631578947368,133,189,0,0.1,8.24644549763033,70.3333333333333,96.6666666666667,0,0.2
"22",22,"JDP Oram",NA,NA,NA,NA,NA,NA,NA,NA,NA,NA,NA,NA,NA,NA,NA,NA,NA,NA,NA,NA,NA,NA,NA,NA,NA,NA,NA,NA,NA,NA
"23",23,"S Badrinath",NA,NA,NA,NA,NA,NA,NA,NA,NA,NA,NA,NA,NA,NA,NA,NA,NA,NA,NA,NA,NA,NA,NA,NA,NA,NA,NA,NA,NA,NA
"24",24,"K Goel",NA,NA,NA,NA,NA,NA,NA,NA,NA,NA,NA,NA,NA,NA,NA,NA,NA,NA,NA,NA,NA,NA,NA,NA,NA,NA,NA,NA,NA,NA
"25",25,"JR Hopes",NA,NA,NA,NA,NA,NA,NA,NA,NA,NA,NA,NA,NA,NA,NA,NA,NA,NA,NA,NA,NA,NA,NA,NA,NA,NA,NA,NA,NA,NA
"26",26,"KC Sangakkara",NA,NA,NA,NA,NA,NA,NA,NA,NA,NA,NA,NA,NA,NA,NA,NA,NA,NA,NA,NA,NA,NA,NA,NA,NA,NA,NA,NA,NA,NA
"27",27,"Yuvraj Singh",0.893617021276596,0.0909090909090909,1.34042553191489,28,0.56,1.40161725067385,0.0476190476190476,1.31536388140162,27.1111111111111,-0.119850187265918,1.27986348122867,0.0294117647058824,1.25597269624573,23.741935483871,-0.0321100917431193,12,12,24,0,0.5,9.24,50,77,0,0.142857142857143,8.91428571428571,52.5,78,0,0.153846153846154
"28",28,"SM Katich",NA,NA,NA,NA,NA,NA,NA,NA,NA,NA,NA,NA,NA,NA,NA,NA,NA,NA,NA,NA,NA,NA,NA,NA,NA,NA,NA,NA,NA,NA
"29",29,"IK Pathan",0,0,0.666666666666667,2,0.666666666666667,0,0.25,0.764705882352941,6.5,0.764705882352941,0,0.25,0.764705882352941,6.5,0.764705882352941,13,Inf,Inf,0,0,8.7,Inf,Inf,0,0,8.7,Inf,Inf,0,0
"30",30,"T Kohli",NA,NA,NA,NA,NA,NA,NA,NA,NA,NA,NA,NA,NA,NA,NA,NA,NA,NA,NA,NA,NA,NA,NA,NA,NA,NA,NA,NA,NA,NA
"31",31,"YK Pathan",0.585365853658537,0.181818181818182,1.16260162601626,20.4285714285714,0.657407407407407,1.10817941952507,0.333333333333333,1.32981530343008,42,0.284745762711864,1.14147909967846,0.361111111111111,1.31189710610932,42.9473684210526,0.220833333333333,10.25,24,41,0,0.25,7.35483870967742,31,38,0,0.25,8.80327868852459,30.5,44.75,0,0.307692307692308
"32",32,"SR Watson",0.375,0.142857142857143,0.8875,11.8333333333333,0.561643835616438,0.930232558139535,0.136363636363636,1.16279069767442,15.625,0.285714285714286,1.17525773195876,0.0967741935483871,1.23092783505155,23.88,0.0727762803234501,9.12727272727273,33,50.2,0,0.625,8.78857142857143,21,30.76,0.0416666666666667,0.91304347826087,8.91643454038997,23.1612903225806,34.4193548387097,0.0294117647058824,0.818181818181818
"33",33,"M Kaif",NA,NA,NA,NA,NA,NA,NA,NA,NA,NA,NA,NA,NA,NA,NA,NA,NA,NA,NA,NA,NA,NA,NA,NA,NA,NA,NA,NA,NA,NA
"34",34,"DS Lehmann",NA,NA,NA,NA,NA,NA,NA,NA,NA,NA,NA,NA,NA,NA,NA,NA,NA,NA,NA,NA,NA,NA,NA,NA,NA,NA,NA,NA,NA,NA
"35",35,"RA Jadeja",0.644067796610169,0.6,1.33898305084746,52.6666666666667,0.811881188118812,0.879478827361563,0.44,1.13680781758958,34.9,0.312252964426877,0.781609195402299,0.388888888888889,1.10574712643678,30.0625,0.384196185286104,9.32751091703057,45.8,71.2,0,0.416666666666667,8.72268907563025,36.6153846153846,53.2307692307692,0,0.5,8.43596730245232,30.5833333333333,43,0.024390243902439,0.5
"36",36,"M Rawat",NA,NA,NA,NA,NA,NA,NA,NA,NA,NA,NA,NA,NA,NA,NA,NA,NA,NA,NA,NA,NA,NA,NA,NA,NA,NA,NA,NA,NA,NA
"37",37,"D Salunkhe",NA,NA,NA,NA,NA,NA,NA,NA,NA,NA,NA,NA,NA,NA,NA,NA,NA,NA,NA,NA,NA,NA,NA,NA,NA,NA,NA,NA,NA,NA
"38",38,"SK Warne",NA,NA,NA,NA,NA,NA,NA,NA,NA,NA,NA,NA,NA,NA,NA,NA,NA,NA,NA,NA,NA,NA,NA,NA,NA,NA,NA,NA,NA,NA
"39",39,"SK Trivedi",NA,NA,NA,NA,NA,NA,NA,NA,NA,NA,NA,NA,NA,NA,NA,NA,NA,NA,NA,NA,NA,NA,NA,NA,NA,NA,NA,NA,NA,NA
"40",40,"G Gambhir",0.716049382716049,0.125,1.22962962962963,41.5,0.619047619047619,1.39927623642943,0.161290322580645,1.20506634499397,47.5714285714286,-0.269681742043551,1.40555058191585,0.0909090909090909,1.18710832587287,39,-0.303860523038605,NA,NA,NA,NA,NA,NA,NA,NA,NA,NA,NA,NA,NA,NA,NA
"41",41,"V Sehwag",NA,NA,NA,NA,NA,NA,NA,NA,NA,NA,1.34831460674157,0.125,1.1123595505618,14.1428571428571,-0.323076923076923,NA,NA,NA,NA,NA,NA,NA,NA,NA,NA,NA,NA,NA,NA,NA
"42",42,"S Dhawan",0.694516971279373,0.0714285714285714,1.25065274151436,39.9166666666667,0.663551401869159,1.26674786845311,0.161290322580645,1.19366626065773,44.5454545454545,-0.0978792822185971,1.33752244165171,0.133333333333333,1.19658886894075,39.2058823529412,-0.192401960784314,NA,NA,NA,NA,NA,NA,NA,NA,NA,NA,NA,NA,NA,NA,NA
"43",43,"L Ronchi",NA,NA,NA,NA,NA,NA,NA,NA,NA,NA,NA,NA,NA,NA,NA,NA,NA,NA,NA,NA,NA,NA,NA,NA,NA,NA,NA,NA,NA,NA
"44",44,"ST Jayasuriya",NA,NA,NA,NA,NA,NA,NA,NA,NA,NA,NA,NA,NA,NA,NA,NA,NA,NA,NA,NA,NA,NA,NA,NA,NA,NA,NA,NA,NA,NA
"45",45,"DJ Thornely",NA,NA,NA,NA,NA,NA,NA,NA,NA,NA,NA,NA,NA,NA,NA,NA,NA,NA,NA,NA,NA,NA,NA,NA,NA,NA,NA,NA,NA,NA
"46",46,"RV Uthappa",1.12970711297071,0.0769230769230769,1.6234309623431,32.3333333333333,0.648351648351648,1.50278293135436,0,1.45083487940631,30.0769230769231,-0.0742705570291777,1.48910411622276,0.024390243902439,1.38740920096852,30.1578947368421,-0.144827586206897,NA,NA,NA,NA,NA,NA,NA,NA,NA,NA,NA,NA,NA,NA,NA
"47",47,"PR Shah",NA,NA,NA,NA,NA,NA,NA,NA,NA,NA,NA,NA,NA,NA,NA,NA,NA,NA,NA,NA,NA,NA,NA,NA,NA,NA,NA,NA,NA,NA
"48",48,"AM Nayar",NA,NA,NA,NA,NA,NA,NA,NA,NA,NA,NA,NA,NA,NA,NA,NA,NA,NA,NA,NA,NA,NA,NA,NA,NA,NA,NA,NA,NA,NA
"49",49,"SM Pollock",NA,NA,NA,NA,NA,NA,NA,NA,NA,NA,NA,NA,NA,NA,NA,NA,NA,NA,NA,NA,NA,NA,NA,NA,NA,NA,NA,NA,NA,NA
"50",50,"Harbhajan Singh",0.352941176470588,0.714285714285714,0.941176470588235,16,0.625,1.01851851851852,0.642857142857143,1,27,-0.0232558139534884,1.05820105820106,0.478260869565217,1.19047619047619,22.5,0.167785234899329,6.63157894736842,30.875,34.125,0,0.727272727272727,7.57952468007313,32.1764705882353,40.6470588235294,0,0.68,7.70758928571429,25.6,32.8857142857143,0,0.875
"51",51,"S Chanderpaul",NA,NA,NA,NA,NA,NA,NA,NA,NA,NA,NA,NA,NA,NA,NA,NA,NA,NA,NA,NA,NA,NA,NA,NA,NA,NA,NA,NA,NA,NA
"52",52,"LRPL Taylor",NA,NA,NA,NA,NA,NA,NA,NA,NA,NA,NA,NA,NA,NA,NA,NA,NA,NA,NA,NA,NA,NA,NA,NA,NA,NA,NA,NA,NA,NA
"53",53,"AC Gilchrist",NA,NA,NA,NA,NA,NA,NA,NA,NA,NA,NA,NA,NA,NA,NA,NA,NA,NA,NA,NA,NA,NA,NA,NA,NA,NA,NA,NA,NA,NA
"54",54,"Y Venugopal Rao",NA,NA,NA,NA,NA,NA,NA,NA,NA,NA,NA,NA,NA,NA,NA,NA,NA,NA,NA,NA,NA,NA,NA,NA,NA,NA,NA,NA,NA,NA
"55",55,"VVS Laxman",NA,NA,NA,NA,NA,NA,NA,NA,NA,NA,NA,NA,NA,NA,NA,NA,NA,NA,NA,NA,NA,NA,NA,NA,NA,NA,NA,NA,NA,NA
"56",56,"A Symonds",NA,NA,NA,NA,NA,NA,NA,NA,NA,NA,NA,NA,NA,NA,NA,NA,NA,NA,NA,NA,NA,NA,NA,NA,NA,NA,NA,NA,NA,NA
"57",57,"RG Sharma",0.640287769784173,0.125,1.19784172661871,23.7857142857143,0.651260504201681,1.23076923076923,0.133333333333333,1.26461538461538,35.7391304347826,0.0448979591836735,1.22345803842265,0.108695652173913,1.31850353892821,35.2432432432432,0.125836680053548,NA,NA,NA,NA,NA,NA,NA,NA,NA,NA,NA,NA,NA,NA,NA
"58",58,"SB Styris",NA,NA,NA,NA,NA,NA,NA,NA,NA,NA,NA,NA,NA,NA,NA,NA,NA,NA,NA,NA,NA,NA,NA,NA,NA,NA,NA,NA,NA,NA
"59",59,"SB Bangar",NA,NA,NA,NA,NA,NA,NA,NA,NA,NA,NA,NA,NA,NA,NA,NA,NA,NA,NA,NA,NA,NA,NA,NA,NA,NA,NA,NA,NA,NA
"60",60,"WPUJC Vaas",NA,NA,NA,NA,NA,NA,NA,NA,NA,NA,NA,NA,NA,NA,NA,NA,NA,NA,NA,NA,NA,NA,NA,NA,NA,NA,NA,NA,NA,NA
"61",61,"RP Singh",NA,NA,NA,NA,NA,NA,NA,NA,NA,NA,NA,NA,NA,NA,NA,NA,NA,NA,NA,NA,9.63157894736842,25.3333333333333,40.6666666666667,0,0.75,9.63157894736842,25.3333333333333,40.6666666666667,0,0.75
"62",62,"WP Saha",0.65979381443299,0.0909090909090909,1.20618556701031,26,0.63855421686747,1.20098039215686,0.0869565217391304,1.23529411764706,28,0.0451612903225806,1.06035889070147,0.0555555555555556,1.22838499184339,25.9655172413793,0.213250517598344,NA,NA,NA,NA,NA,NA,NA,NA,NA,NA,NA,NA,NA,NA,NA
"63",63,"LR Shukla",NA,NA,NA,NA,NA,NA,NA,NA,NA,NA,NA,NA,NA,NA,NA,NA,NA,NA,NA,NA,NA,NA,NA,NA,NA,NA,NA,NA,NA,NA
"64",64,"DPMD Jayawardene",NA,NA,NA,NA,NA,NA,NA,NA,NA,NA,NA,NA,NA,NA,NA,NA,NA,NA,NA,NA,NA,NA,NA,NA,NA,NA,NA,NA,NA,NA
"65",65,"S Sohal",NA,NA,NA,NA,NA,NA,NA,NA,NA,NA,NA,NA,NA,NA,NA,NA,NA,NA,NA,NA,NA,NA,NA,NA,NA,NA,NA,NA,NA,NA
"66",66,"B Lee",NA,NA,NA,NA,NA,NA,NA,NA,NA,NA,NA,NA,NA,NA,NA,NA,NA,NA,NA,NA,NA,NA,NA,NA,NA,NA,NA,NA,NA,NA
"67",67,"PP Chawla",0,0,0.333333333333333,2,0.333333333333333,1.25,0,0.90625,7.25,-0.458333333333333,1.11111111111111,0.181818181818182,1.02469135802469,10.375,-0.111111111111111,8.9016393442623,20.3333333333333,30.1666666666667,0,1,8.2189349112426,19.8823529411765,27.2352941176471,0,1,8.19272727272727,19.6428571428571,26.8214285714286,0.0333333333333333,0.827586206896552
"68",68,"WA Mota",NA,NA,NA,NA,NA,NA,NA,NA,NA,NA,NA,NA,NA,NA,NA,NA,NA,NA,NA,NA,NA,NA,NA,NA,NA,NA,NA,NA,NA,NA
"69",69,"Kamran Akmal",NA,NA,NA,NA,NA,NA,NA,NA,NA,NA,NA,NA,NA,NA,NA,NA,NA,NA,NA,NA,NA,NA,NA,NA,NA,NA,NA,NA,NA,NA
"70",70,"Shahid Afridi",NA,NA,NA,NA,NA,NA,NA,NA,NA,NA,NA,NA,NA,NA,NA,NA,NA,NA,NA,NA,NA,NA,NA,NA,NA,NA,NA,NA,NA,NA
"71",71,"DJ Bravo",NA,NA,NA,NA,NA,1.25,0.333333333333333,1.125,12.375,-0.166666666666667,1.38075313807531,0.36,1.23012552301255,18.375,-0.208092485549133,NA,NA,NA,NA,NA,9.03448275862069,20.4705882352941,30.8235294117647,0.0666666666666667,0.928571428571429,8.86607142857143,15.6279069767442,23.093023255814,0.032258064516129,1.3
"72",72,"MA Khote",NA,NA,NA,NA,NA,NA,NA,NA,NA,NA,NA,NA,NA,NA,NA,NA,NA,NA,NA,NA,NA,NA,NA,NA,NA,NA,NA,NA,NA,NA
"73",73,"A Nehra",NA,NA,NA,NA,NA,0,1,1,Inf,1,0,0.6,0.25,2,0.25,9.27272727272727,16.5,25.5,0,1.33333333333333,8.43686006825939,17.2352941176471,24.2352941176471,0,1.21428571428571,7.8141592920354,17.3846153846154,22.6410256410256,0.0333333333333333,1.20689655172414
"74",74,"GC Smith",NA,NA,NA,NA,NA,NA,NA,NA,NA,NA,NA,NA,NA,NA,NA,NA,NA,NA,NA,NA,NA,NA,NA,NA,NA,NA,NA,NA,NA,NA
"75",75,"Pankaj Singh",NA,NA,NA,NA,NA,NA,NA,NA,NA,NA,NA,NA,NA,NA,NA,NA,NA,NA,NA,NA,NA,NA,NA,NA,NA,NA,NA,NA,NA,NA
"76",76,"RR Sarwan",NA,NA,NA,NA,NA,NA,NA,NA,NA,NA,NA,NA,NA,NA,NA,NA,NA,NA,NA,NA,NA,NA,NA,NA,NA,NA,NA,NA,NA,NA
"77",77,"S Sreesanth",NA,NA,NA,NA,NA,NA,NA,NA,NA,NA,NA,NA,NA,NA,NA,NA,NA,NA,NA,NA,NA,NA,NA,NA,NA,NA,NA,NA,NA,NA
"78",78,"VRV Singh",NA,NA,NA,NA,NA,NA,NA,NA,NA,NA,NA,NA,NA,NA,NA,NA,NA,NA,NA,NA,NA,NA,NA,NA,NA,NA,NA,NA,NA,NA
"79",79,"SS Tiwary",0.782608695652174,1,1.1304347826087,Inf,0.432432432432432,1.33333333333333,0.25,1.13846153846154,37,-0.265734265734266,1.2589928057554,0.571428571428571,1.19064748201439,55.1666666666667,-0.0913461538461538,NA,NA,NA,NA,NA,NA,NA,NA,NA,NA,NA,NA,NA,NA,NA
"80",80,"DS Kulkarni",0,0,0.5,Inf,0.5,1.66666666666667,0.5,1.55555555555556,28,-0.166666666666667,1,0.375,1.06666666666667,10.6666666666667,0.0833333333333333,9.05084745762712,39.3333333333333,59.3333333333333,0,0.5,7.85060240963855,19.7619047619048,25.8571428571429,0.05,0.894736842105263,8.14150943396226,18.7058823529412,25.3823529411765,0.032258064516129,1
"81",81,"R Vinay Kumar",NA,NA,NA,NA,NA,0,0.5,1.08333333333333,13,1.08333333333333,0,0.5,0.928571428571429,6.5,0.928571428571429,10.2,10,17,0,2,8.02597402597403,15.4,20.6,0,1.25,8.47368421052632,28.5,40.25,0,0.705882352941177
"82",82,"AB Agarkar",NA,NA,NA,NA,NA,NA,NA,NA,NA,NA,NA,NA,NA,NA,NA,NA,NA,NA,NA,NA,NA,NA,NA,NA,NA,NA,NA,NA,NA,NA
"83",83,"M Kartik",NA,NA,NA,NA,NA,NA,NA,NA,NA,NA,NA,NA,NA,NA,NA,NA,NA,NA,NA,NA,NA,NA,NA,NA,NA,NA,NA,NA,NA,NA
"84",84,"I Sharma",0.307692307692308,0.333333333333333,0.615384615384615,4,0.333333333333333,0.769230769230769,0.333333333333333,0.615384615384615,4,-0.181818181818182,0.769230769230769,0.333333333333333,0.615384615384615,4,-0.181818181818182,11,Inf,Inf,0,0,10.7203791469194,70.3333333333333,125.666666666667,0,0.3,10.98,75,137.25,0,0.285714285714286
"85",85,"AM Rahane",0.591463414634146,0.0625,1.16463414634146,25.4666666666667,0.661971830985915,1.24475524475524,0.0666666666666667,1.20559440559441,34.48,-0.0521415270018622,1.24780316344464,0.0930232558139535,1.23198594024605,40.0571428571429,-0.0210772833723653,NA,NA,NA,NA,NA,NA,NA,NA,NA,NA,NA,NA,NA,NA,NA
"86",86,"Shoaib Malik",NA,NA,NA,NA,NA,NA,NA,NA,NA,NA,NA,NA,NA,NA,NA,NA,NA,NA,NA,NA,NA,NA,NA,NA,NA,NA,NA,NA,NA,NA
"87",87,"MK Tiwary",0.785123966942149,0.307692307692308,1.33884297520661,46.2857142857143,0.67,1.28099173553719,0.307692307692308,1.33884297520661,46.2857142857143,0.0777777777777778,1.3,0.266666666666667,1.27,42.3333333333333,-0.0405405405405405,NA,NA,NA,NA,NA,NA,NA,NA,NA,NA,NA,NA,NA,NA,NA
"88",88,"KD Karthik",0.694029850746269,0.230769230769231,1.34701492537313,40.1111111111111,0.770925110132159,1.25693160813309,0.142857142857143,1.28650646950092,33.1428571428571,0.0395061728395062,1.25567322239032,0.128205128205128,1.26626323751891,27.9,0.0141414141414141,NA,NA,NA,NA,NA,NA,NA,NA,NA,NA,NA,NA,NA,NA,NA
"89",89,"R Bhatia",0.352941176470588,0,0.941176470588235,16,0.625,0.27027027027027,0.666666666666667,1.35135135135135,25,1.14285714285714,0.263157894736842,0.571428571428571,1.31578947368421,16.6666666666667,1.11111111111111,7.95348837209302,21.5,28.5,0,0.666666666666667,7.55378486055777,31.375,39.5,0,0.615384615384615,7.77224199288256,35.125,45.5,0,0.533333333333333
"90",90,"MF Maharoof",NA,NA,NA,NA,NA,NA,NA,NA,NA,NA,NA,NA,NA,NA,NA,NA,NA,NA,NA,NA,NA,NA,NA,NA,NA,NA,NA,NA,NA,NA
"91",91,"VY Mahesh",NA,NA,NA,NA,NA,NA,NA,NA,NA,NA,NA,NA,NA,NA,NA,NA,NA,NA,NA,NA,NA,NA,NA,NA,NA,NA,NA,NA,NA,NA
"92",92,"TM Srivastava",NA,NA,NA,NA,NA,NA,NA,NA,NA,NA,NA,NA,NA,NA,NA,NA,NA,NA,NA,NA,NA,NA,NA,NA,NA,NA,NA,NA,NA,NA
"93",93,"B Chipli",NA,NA,NA,NA,NA,NA,NA,NA,NA,NA,NA,NA,NA,NA,NA,NA,NA,NA,NA,NA,NA,NA,NA,NA,NA,NA,NA,NA,NA,NA
"94",94,"DW Steyn",NA,NA,NA,NA,NA,0,0,0.5,1,0.5,2,0.25,1.4,10.5,-1,NA,NA,NA,NA,NA,8.30769230769231,Inf,Inf,0,0,8.93023255813953,43,64,0,0.428571428571429
"95",95,"DB Das",NA,NA,NA,NA,NA,NA,NA,NA,NA,NA,NA,NA,NA,NA,NA,NA,NA,NA,NA,NA,NA,NA,NA,NA,NA,NA,NA,NA,NA,NA
"96",96,"MK Pandey",0.584126984126984,0.333333333333333,1.25714285714286,49.5,0.770909090909091,0.891089108910891,0.304347826086957,1.27524752475248,40.25,0.467469879518072,0.968208092485549,0.257142857142857,1.25578034682081,36.2083333333333,0.35663082437276,NA,NA,NA,NA,NA,NA,NA,NA,NA,NA,NA,NA,NA,NA,NA
"97",97,"HH Gibbs",NA,NA,NA,NA,NA,NA,NA,NA,NA,NA,NA,NA,NA,NA,NA,NA,NA,NA,NA,NA,NA,NA,NA,NA,NA,NA,NA,NA,NA,NA
"98",98,"DNT Zoysa",NA,NA,NA,NA,NA,NA,NA,NA,NA,NA,NA,NA,NA,NA,NA,NA,NA,NA,NA,NA,NA,NA,NA,NA,NA,NA,NA,NA,NA,NA
"99",99,"D Kalyankrishna",NA,NA,NA,NA,NA,NA,NA,NA,NA,NA,NA,NA,NA,NA,NA,NA,NA,NA,NA,NA,NA,NA,NA,NA,NA,NA,NA,NA,NA,NA
"100",100,"SE Marsh",0.878787878787879,0,1.33333333333333,33,0.573248407643312,1.47590361445783,0,1.27409638554217,32.5384615384615,-0.286324786324786,1.48614609571788,-0.111111111111111,1.29974811083123,30.3529411764706,-0.265232974910394,NA,NA,NA,NA,NA,NA,NA,NA,NA,NA,NA,NA,NA,NA,NA
"101",101,"SA Asnodkar",NA,NA,NA,NA,NA,NA,NA,NA,NA,NA,NA,NA,NA,NA,NA,NA,NA,NA,NA,NA,NA,NA,NA,NA,NA,NA,NA,NA,NA,NA
"102",102,"Sohail Tanvir",NA,NA,NA,NA,NA,NA,NA,NA,NA,NA,NA,NA,NA,NA,NA,NA,NA,NA,NA,NA,NA,NA,NA,NA,NA,NA,NA,NA,NA,NA
"103",103,"Salman Butt",NA,NA,NA,NA,NA,NA,NA,NA,NA,NA,NA,NA,NA,NA,NA,NA,NA,NA,NA,NA,NA,NA,NA,NA,NA,NA,NA,NA,NA,NA
"104",104,"BJ Hodge",NA,NA,NA,NA,NA,NA,NA,NA,NA,NA,NA,NA,NA,NA,NA,NA,NA,NA,NA,NA,NA,NA,NA,NA,NA,NA,NA,NA,NA,NA
"105",105,"Umar Gul",NA,NA,NA,NA,NA,NA,NA,NA,NA,NA,NA,NA,NA,NA,NA,NA,NA,NA,NA,NA,NA,NA,NA,NA,NA,NA,NA,NA,NA,NA
"106",106,"AB Dinda",0.5,0,0.875,7,0.428571428571429,1.25,0,0.875,7,-0.5,1.25,0,0.875,7,-0.5,11.8153846153846,65,128,0,0.333333333333333,8.84824902723735,21.4166666666667,31.5833333333333,0,1,9.26896551724138,24.1666666666667,37.3333333333333,0,0.857142857142857
"107",107,"SP Fleming",NA,NA,NA,NA,NA,NA,NA,NA,NA,NA,NA,NA,NA,NA,NA,NA,NA,NA,NA,NA,NA,NA,NA,NA,NA,NA,NA,NA,NA,NA
"108",108,"S Vidyut",NA,NA,NA,NA,NA,NA,NA,NA,NA,NA,NA,NA,NA,NA,NA,NA,NA,NA,NA,NA,NA,NA,NA,NA,NA,NA,NA,NA,NA,NA
"109",109,"JA Morkel",NA,NA,NA,NA,NA,0,0,1.77777777777778,16,1.77777777777778,1.13924050632911,0.5,1.29113924050633,51,0.19672131147541,NA,NA,NA,NA,NA,12.5294117647059,17,35.5,0,1,10.5555555555556,21.6,38,0,0.833333333333333
"110",110,"AB de Villiers",0.842105263157895,0.222222222222222,1.26315789473684,30.8571428571429,0.503496503496504,1.17747440273038,0.2,1.54095563139932,45.15,0.475446428571429,1.4527027027027,0.282051282051282,1.59459459459459,50.5714285714286,0.2,NA,NA,NA,NA,NA,NA,NA,NA,NA,NA,NA,NA,NA,NA,NA
"111",111,"LPC Silva",NA,NA,NA,NA,NA,NA,NA,NA,NA,NA,NA,NA,NA,NA,NA,NA,NA,NA,NA,NA,NA,NA,NA,NA,NA,NA,NA,NA,NA,NA
"112",112,"DB Ravi Teja",NA,NA,NA,NA,NA,NA,NA,NA,NA,NA,NA,NA,NA,NA,NA,NA,NA,NA,NA,NA,NA,NA,NA,NA,NA,NA,NA,NA,NA,NA
"113",113,"Misbah-ul-Haq",NA,NA,NA,NA,NA,NA,NA,NA,NA,NA,NA,NA,NA,NA,NA,NA,NA,NA,NA,NA,NA,NA,NA,NA,NA,NA,NA,NA,NA,NA
"114",114,"YV Takawale",NA,NA,NA,NA,NA,NA,NA,NA,NA,NA,NA,NA,NA,NA,NA,NA,NA,NA,NA,NA,NA,NA,NA,NA,NA,NA,NA,NA,NA,NA
"115",115,"RR Raje",NA,NA,NA,NA,NA,NA,NA,NA,NA,NA,NA,NA,NA,NA,NA,NA,NA,NA,NA,NA,NA,NA,NA,NA,NA,NA,NA,NA,NA,NA
"116",116,"PJ Sangwan",0,0.333333333333333,0.5,1,0.5,0,0.333333333333333,0.5,1,0.5,0,0.333333333333333,0.5,1,0.5,10.2,22,37.4,0,1,10.5333333333333,27,47.4,0,0.714285714285714,10.5333333333333,27,47.4,0,0.714285714285714
"117",117,"Mohammad Asif",NA,NA,NA,NA,NA,NA,NA,NA,NA,NA,NA,NA,NA,NA,NA,NA,NA,NA,NA,NA,NA,NA,NA,NA,NA,NA,NA,NA,NA,NA
"118",118,"GD McGrath",NA,NA,NA,NA,NA,NA,NA,NA,NA,NA,NA,NA,NA,NA,NA,NA,NA,NA,NA,NA,NA,NA,NA,NA,NA,NA,NA,NA,NA,NA
"119",119,"Joginder Sharma",NA,NA,NA,NA,NA,NA,NA,NA,NA,NA,NA,NA,NA,NA,NA,NA,NA,NA,NA,NA,NA,NA,NA,NA,NA,NA,NA,NA,NA,NA
"120",120,"MS Gony",NA,NA,NA,NA,NA,NA,NA,NA,NA,NA,NA,NA,NA,NA,NA,14,Inf,Inf,0,0,14,Inf,Inf,0,0,14,Inf,Inf,0,0
"121",121,"M Muralitharan",NA,NA,NA,NA,NA,NA,NA,NA,NA,NA,NA,NA,NA,NA,NA,NA,NA,NA,NA,NA,NA,NA,NA,NA,NA,NA,NA,NA,NA,NA
"122",122,"M Ntini",NA,NA,NA,NA,NA,NA,NA,NA,NA,NA,NA,NA,NA,NA,NA,NA,NA,NA,NA,NA,NA,NA,NA,NA,NA,NA,NA,NA,NA,NA
"123",123,"DT Patil",NA,NA,NA,NA,NA,NA,NA,NA,NA,NA,NA,NA,NA,NA,NA,NA,NA,NA,NA,NA,NA,NA,NA,NA,NA,NA,NA,NA,NA,NA
"124",124,"A Kumble",NA,NA,NA,NA,NA,NA,NA,NA,NA,NA,NA,NA,NA,NA,NA,NA,NA,NA,NA,NA,NA,NA,NA,NA,NA,NA,NA,NA,NA,NA
"125",125,"S Anirudha",NA,NA,NA,NA,NA,NA,NA,NA,NA,NA,NA,NA,NA,NA,NA,NA,NA,NA,NA,NA,NA,NA,NA,NA,NA,NA,NA,NA,NA,NA
"126",126,"MM Patel",0,0,0,0,0,0,0,0,0,0,0,0,0,0,0,8.42857142857143,42,59,0,0.5,8.42857142857143,42,59,0,0.5,8.42857142857143,42,59,0,0.5
"127",127,"CK Kapugedera",NA,NA,NA,NA,NA,NA,NA,NA,NA,NA,NA,NA,NA,NA,NA,NA,NA,NA,NA,NA,NA,NA,NA,NA,NA,NA,NA,NA,NA,NA
"128",128,"A Chopra",NA,NA,NA,NA,NA,NA,NA,NA,NA,NA,NA,NA,NA,NA,NA,NA,NA,NA,NA,NA,NA,NA,NA,NA,NA,NA,NA,NA,NA,NA
"129",129,"T Taibu",NA,NA,NA,NA,NA,NA,NA,NA,NA,NA,NA,NA,NA,NA,NA,NA,NA,NA,NA,NA,NA,NA,NA,NA,NA,NA,NA,NA,NA,NA
"130",130,"J Arunkumar",NA,NA,NA,NA,NA,NA,NA,NA,NA,NA,NA,NA,NA,NA,NA,NA,NA,NA,NA,NA,NA,NA,NA,NA,NA,NA,NA,NA,NA,NA
"131",131,"PP Ojha",NA,NA,NA,NA,NA,NA,NA,NA,NA,NA,NA,NA,NA,NA,NA,NA,NA,NA,NA,NA,NA,NA,NA,NA,NA,11.5,Inf,Inf,0,0
"132",132,"SP Goswami",NA,NA,NA,NA,NA,NA,NA,NA,NA,NA,NA,NA,NA,NA,NA,NA,NA,NA,NA,NA,NA,NA,NA,NA,NA,NA,NA,NA,NA,NA
"133",133,"SR Tendulkar",NA,NA,NA,NA,NA,NA,NA,NA,NA,NA,NA,NA,NA,NA,NA,NA,NA,NA,NA,NA,NA,NA,NA,NA,NA,NA,NA,NA,NA,NA
"134",134,"U Kaul",NA,NA,NA,NA,NA,NA,NA,NA,NA,NA,NA,NA,NA,NA,NA,NA,NA,NA,NA,NA,NA,NA,NA,NA,NA,NA,NA,NA,NA,NA
"135",135,"TM Dilshan",NA,NA,NA,NA,NA,NA,NA,NA,NA,NA,NA,NA,NA,NA,NA,NA,NA,NA,NA,NA,NA,NA,NA,NA,NA,NA,NA,NA,NA,NA
"136",136,"A Mishra",0.357142857142857,0.833333333333333,0.875,49,0.557692307692308,0.285714285714286,0.625,0.757142857142857,17.6666666666667,0.5,0.240963855421687,0.583333333333333,0.734939759036145,15.25,0.518987341772152,8.88607594936709,23.7,35.1,0,0.714285714285714,8.30326295585413,22.6521739130435,31.3478260869565,0.0357142857142857,0.703703703703704,8.13506493506493,24.0625,32.625,0.025,0.717948717948718
"137",137,"AD Mascarenhas",NA,NA,NA,NA,NA,NA,NA,NA,NA,NA,NA,NA,NA,NA,NA,NA,NA,NA,NA,NA,NA,NA,NA,NA,NA,NA,NA,NA,NA,NA
"138",138,"NK Patel",NA,NA,NA,NA,NA,NA,NA,NA,NA,NA,NA,NA,NA,NA,NA,NA,NA,NA,NA,NA,NA,NA,NA,NA,NA,NA,NA,NA,NA,NA
"139",139,"LA Pomersbach",NA,NA,NA,NA,NA,NA,NA,NA,NA,NA,NA,NA,NA,NA,NA,NA,NA,NA,NA,NA,NA,NA,NA,NA,NA,NA,NA,NA,NA,NA
"140",140,"Iqbal Abdulla",0,1,0.714285714285714,Inf,0.714285714285714,1.17647058823529,1,1.23529411764706,Inf,0.0769230769230769,1.48148148148148,0.8,1.14814814814815,62,-0.473684210526316,10.4117647058824,17,29.5,0,1,8.98412698412698,23.625,35.375,0,0.8,8.53548387096774,25.8333333333333,36.75,0,0.8
"141",141,"Younis Khan",NA,NA,NA,NA,NA,NA,NA,NA,NA,NA,NA,NA,NA,NA,NA,NA,NA,NA,NA,NA,NA,NA,NA,NA,NA,NA,NA,NA,NA,NA
"142",142,"PM Sarvesh Kumar",NA,NA,NA,NA,NA,NA,NA,NA,NA,NA,NA,NA,NA,NA,NA,NA,NA,NA,NA,NA,NA,NA,NA,NA,NA,NA,NA,NA,NA,NA
"143",143,"DP Vijaykumar",NA,NA,NA,NA,NA,NA,NA,NA,NA,NA,NA,NA,NA,NA,NA,NA,NA,NA,NA,NA,NA,NA,NA,NA,NA,NA,NA,NA,NA,NA
"144",144,"Shoaib Akhtar",NA,NA,NA,NA,NA,NA,NA,NA,NA,NA,NA,NA,NA,NA,NA,NA,NA,NA,NA,NA,NA,NA,NA,NA,NA,NA,NA,NA,NA,NA
"145",145,"Abdur Razzak",NA,NA,NA,NA,NA,NA,NA,NA,NA,NA,NA,NA,NA,NA,NA,NA,NA,NA,NA,NA,NA,NA,NA,NA,NA,NA,NA,NA,NA,NA
"146",146,"H Das",NA,NA,NA,NA,NA,NA,NA,NA,NA,NA,NA,NA,NA,NA,NA,NA,NA,NA,NA,NA,NA,NA,NA,NA,NA,NA,NA,NA,NA,NA
"147",147,"DR Smith",1.11392405063291,0.0909090909090909,1.5126582278481,26.5555555555556,0.533898305084746,1.74479166666667,0.0869565217391304,1.46614583333333,28.15,-0.428,1.64137931034483,0.102564102564103,1.32689655172414,28.2941176470588,-0.468172484599589,11.5609756097561,41,79,0,0.222222222222222,9.81538461538462,19.5,31.9,0.0588235294117647,0.375,9.73913043478261,18.8181818181818,30.5454545454545,0.0555555555555556,0.411764705882353
"148",148,"SD Chitnis",NA,NA,NA,NA,NA,NA,NA,NA,NA,NA,NA,NA,NA,NA,NA,NA,NA,NA,NA,NA,NA,NA,NA,NA,NA,NA,NA,NA,NA,NA
"149",149,"CRD Fernando",NA,NA,NA,NA,NA,NA,NA,NA,NA,NA,NA,NA,NA,NA,NA,NA,NA,NA,NA,NA,NA,NA,NA,NA,NA,NA,NA,NA,NA,NA
"150",150,"VS Yeligati",NA,NA,NA,NA,NA,NA,NA,NA,NA,NA,NA,NA,NA,NA,NA,NA,NA,NA,NA,NA,NA,NA,NA,NA,NA,NA,NA,NA,NA,NA
"151",151,"L Balaji",NA,NA,NA,NA,NA,NA,NA,NA,NA,NA,NA,NA,NA,NA,NA,NA,NA,NA,NA,NA,NA,NA,NA,NA,NA,NA,NA,NA,NA,NA
"152",152,"A Mukund",NA,NA,NA,NA,NA,NA,NA,NA,NA,NA,NA,NA,NA,NA,NA,NA,NA,NA,NA,NA,NA,NA,NA,NA,NA,NA,NA,NA,NA,NA
"153",153,"RR Powar",NA,NA,NA,NA,NA,NA,NA,NA,NA,NA,NA,NA,NA,NA,NA,NA,NA,NA,NA,NA,NA,NA,NA,NA,NA,NA,NA,NA,NA,NA
"154",154,"JP Duminy",NA,NA,NA,NA,NA,0.828025477707006,0.375,1.21656050955414,47.75,0.465648854961832,0.826446280991736,0.285714285714286,1.25,46.5384615384615,0.507425742574257,NA,NA,NA,NA,NA,7.81395348837209,21.5,28,0,0.4,7.64,15,19.1,0.0714285714285714,0.461538461538462
"155",155,"A Flintoff",NA,NA,NA,NA,NA,NA,NA,NA,NA,NA,NA,NA,NA,NA,NA,NA,NA,NA,NA,NA,NA,NA,NA,NA,NA,NA,NA,NA,NA,NA
"156",156,"T Thushara",NA,NA,NA,NA,NA,NA,NA,NA,NA,NA,NA,NA,NA,NA,NA,NA,NA,NA,NA,NA,NA,NA,NA,NA,NA,NA,NA,NA,NA,NA
"157",157,"JD Ryder",NA,NA,NA,NA,NA,NA,NA,NA,NA,NA,NA,NA,NA,NA,NA,NA,NA,NA,NA,NA,NA,NA,NA,NA,NA,NA,NA,NA,NA,NA
"158",158,"KP Pietersen",NA,NA,NA,NA,NA,0.655737704918033,0.5,1.19672131147541,36.5,0.622641509433962,0.655737704918033,0.5,1.19672131147541,36.5,0.622641509433962,NA,NA,NA,NA,NA,NA,NA,NA,NA,NA,NA,NA,NA,NA,NA
"159",159,"T Henderson",NA,NA,NA,NA,NA,NA,NA,NA,NA,NA,NA,NA,NA,NA,NA,NA,NA,NA,NA,NA,NA,NA,NA,NA,NA,NA,NA,NA,NA,NA
"160",160,"Kamran Khan",NA,NA,NA,NA,NA,NA,NA,NA,NA,NA,NA,NA,NA,NA,NA,NA,NA,NA,NA,NA,NA,NA,NA,NA,NA,NA,NA,NA,NA,NA
"161",161,"RS Bopara",NA,NA,NA,NA,NA,NA,NA,NA,NA,NA,0.495867768595041,0.375,1.19834710743802,29,0.779816513761468,NA,NA,NA,NA,NA,NA,NA,NA,NA,NA,8.53658536585366,20.5,29.1666666666667,0,0.857142857142857
"162",162,"CH Gayle",0.837209302325581,0,1.16279069767442,22.2222222222222,0.391608391608392,0.966767371601209,0,1.29003021148036,22.4736842105263,0.400749063670412,1.03047895500726,0.0303030303030303,1.33236574746009,30.6,0.380255941499086,NA,NA,NA,NA,NA,6.83076923076923,32.5,37,0,0.5,7.07692307692308,39,46,0,0.4
"163",163,"MC Henriques",0.663414634146341,0.454545454545455,1.35121951219512,46.1666666666667,0.815028901734104,1.1716621253406,0.269230769230769,1.25068119891008,25.5,0.103202846975089,1.06346483704974,0.257142857142857,1.27958833619211,29.84,0.274509803921569,10.4189189189189,148,257,0,0.0833333333333333,8.8068669527897,35.8461538461538,52.6153846153846,0,0.448275862068966,8.29213483146068,25.9583333333333,35.875,0,0.631578947368421
"164",164,"R Bishnoi",NA,NA,NA,NA,NA,NA,NA,NA,NA,NA,NA,NA,NA,NA,NA,NA,NA,NA,NA,NA,NA,NA,NA,NA,NA,NA,NA,NA,NA,NA
"165",165,"FH Edwards",NA,NA,NA,NA,NA,NA,NA,NA,NA,NA,NA,NA,NA,NA,NA,NA,NA,NA,NA,NA,NA,NA,NA,NA,NA,NA,NA,NA,NA,NA
"166",166,"KV Sharma",0.761904761904762,0,1.16666666666667,9.8,0.485714285714286,1.05263157894737,0.333333333333333,1.11842105263158,17,0.0833333333333333,0.674846625766871,0.333333333333333,1.15950920245399,17.1818181818182,0.560283687943262,7.14285714285714,14.5384615384615,17.3076923076923,0.111111111111111,1.125,8.38754325259516,22.2307692307692,31.0769230769231,0.0714285714285714,0.692307692307692,8.5,22.9565217391304,32.5217391304348,0.0357142857142857,0.703703703703704
"167",167,"PC Valthaty",NA,NA,NA,NA,NA,NA,NA,NA,NA,NA,NA,NA,NA,NA,NA,NA,NA,NA,NA,NA,NA,NA,NA,NA,NA,NA,NA,NA,NA,NA
"168",168,"RJ Quiney",NA,NA,NA,NA,NA,NA,NA,NA,NA,NA,NA,NA,NA,NA,NA,NA,NA,NA,NA,NA,NA,NA,NA,NA,NA,NA,NA,NA,NA,NA
"169",169,"AS Raut",NA,NA,NA,NA,NA,NA,NA,NA,NA,NA,NA,NA,NA,NA,NA,NA,NA,NA,NA,NA,NA,NA,NA,NA,NA,NA,NA,NA,NA,NA
"170",170,"Yashpal Singh",NA,NA,NA,NA,NA,NA,NA,NA,NA,NA,NA,NA,NA,NA,NA,NA,NA,NA,NA,NA,NA,NA,NA,NA,NA,NA,NA,NA,NA,NA
"171",171,"M Manhas",NA,NA,NA,NA,NA,NA,NA,NA,NA,NA,NA,NA,NA,NA,NA,NA,NA,NA,NA,NA,NA,NA,NA,NA,NA,NA,NA,NA,NA,NA
"172",172,"AA Bilakhia",NA,NA,NA,NA,NA,NA,NA,NA,NA,NA,NA,NA,NA,NA,NA,NA,NA,NA,NA,NA,NA,NA,NA,NA,NA,NA,NA,NA,NA,NA
"173",173,"AN Ghosh",NA,NA,NA,NA,NA,NA,NA,NA,NA,NA,NA,NA,NA,NA,NA,NA,NA,NA,NA,NA,NA,NA,NA,NA,NA,NA,NA,NA,NA,NA
"174",174,"BAW Mendis",NA,NA,NA,NA,NA,NA,NA,NA,NA,NA,NA,NA,NA,NA,NA,NA,NA,NA,NA,NA,NA,NA,NA,NA,NA,NA,NA,NA,NA,NA
"175",175,"DL Vettori",NA,NA,NA,NA,NA,NA,NA,NA,NA,NA,NA,NA,NA,NA,NA,NA,NA,NA,NA,NA,NA,NA,NA,NA,NA,NA,NA,NA,NA,NA
"176",176,"MN van Wyk",NA,NA,NA,NA,NA,NA,NA,NA,NA,NA,NA,NA,NA,NA,NA,NA,NA,NA,NA,NA,NA,NA,NA,NA,NA,NA,NA,NA,NA,NA
"177",177,"RE van der Merwe",NA,NA,NA,NA,NA,NA,NA,NA,NA,NA,NA,NA,NA,NA,NA,NA,NA,NA,NA,NA,NA,NA,NA,NA,NA,NA,NA,NA,NA,NA
"178",178,"TL Suman",NA,NA,NA,NA,NA,NA,NA,NA,NA,NA,NA,NA,NA,NA,NA,NA,NA,NA,NA,NA,NA,NA,NA,NA,NA,NA,NA,NA,NA,NA
"179",179,"Shoaib Ahmed",NA,NA,NA,NA,NA,NA,NA,NA,NA,NA,NA,NA,NA,NA,NA,NA,NA,NA,NA,NA,NA,NA,NA,NA,NA,NA,NA,NA,NA,NA
"180",180,"GR Napier",NA,NA,NA,NA,NA,NA,NA,NA,NA,NA,NA,NA,NA,NA,NA,NA,NA,NA,NA,NA,NA,NA,NA,NA,NA,NA,NA,NA,NA,NA
"181",181,"KP Appanna",NA,NA,NA,NA,NA,NA,NA,NA,NA,NA,NA,NA,NA,NA,NA,NA,NA,NA,NA,NA,NA,NA,NA,NA,NA,NA,NA,NA,NA,NA
"182",182,"LA Carseldine",NA,NA,NA,NA,NA,NA,NA,NA,NA,NA,NA,NA,NA,NA,NA,NA,NA,NA,NA,NA,NA,NA,NA,NA,NA,NA,NA,NA,NA,NA
"183",183,"NV Ojha",0.371428571428571,0.2,1.12857142857143,19.75,0.815384615384615,0.424528301886792,0.222222222222222,1.01415094339623,16.5384615384615,0.644329896907217,0.621301775147929,0.206896551724138,1.0414201183432,16,0.47972972972973,NA,NA,NA,NA,NA,NA,NA,NA,NA,NA,NA,NA,NA,NA,NA
"184",184,"SM Harwood",NA,NA,NA,NA,NA,NA,NA,NA,NA,NA,NA,NA,NA,NA,NA,NA,NA,NA,NA,NA,NA,NA,NA,NA,NA,NA,NA,NA,NA,NA
"185",185,"M Vijay",NA,NA,NA,NA,NA,1.34048257372654,0.142857142857143,1.21447721179625,37.75,-0.172161172161172,1.27062706270627,0.16,1.16171617161716,35.2,-0.146017699115044,NA,NA,NA,NA,NA,7.71428571428571,Inf,Inf,0,0,7.16129032258065,Inf,Inf,0,0
"186",186,"SB Jakati",NA,NA,NA,NA,NA,0,1,0.5,Inf,0.5,0,1,0.5,Inf,0.5,10.875,Inf,Inf,0,0,9.52258064516129,77.5,123,0,0.25,9.52258064516129,77.5,123,0,0.25
"187",187,"DA Warner",0.883116883116883,0.214285714285714,1.38744588744589,58.2727272727273,0.624664879356568,1.45052833813641,0.129032258064516,1.43035542747358,59.56,-0.0284167794316644,1.53300212916962,0.133333333333333,1.45564229950319,55.4324324324324,-0.111566018423746,NA,NA,NA,NA,NA,NA,NA,NA,NA,NA,NA,NA,NA,NA,NA
"188",188,"RJ Harris",NA,NA,NA,NA,NA,NA,NA,NA,NA,NA,NA,NA,NA,NA,NA,NA,NA,NA,NA,NA,NA,NA,NA,NA,NA,NA,NA,NA,NA,NA
"189",189,"D du Preez",NA,NA,NA,NA,NA,NA,NA,NA,NA,NA,NA,NA,NA,NA,NA,NA,NA,NA,NA,NA,NA,NA,NA,NA,NA,NA,NA,NA,NA,NA
"190",190,"M Morkel",NA,NA,NA,NA,NA,0,1,1,Inf,1,0,1,1.25,Inf,1.25,NA,NA,NA,NA,NA,8.45454545454546,22,31,0,1,8.14720812182741,19.7,26.75,0,1.17647058823529
"191",191,"AD Mathews",0.5,0,1.14285714285714,16,0.72,0.714285714285714,0,1.14285714285714,16,0.5,1.02189781021898,0.25,1.28467153284672,22,0.330275229357798,11.4193548387097,Inf,Inf,0,0,11.4193548387097,Inf,Inf,0,0,8.77777777777778,30.8571428571429,45.1428571428571,0,0.583333333333333
"192",192,"J Botha",NA,NA,NA,NA,NA,NA,NA,NA,NA,NA,3.33333333333333,0,2.06666666666667,31,-3.8,NA,NA,NA,NA,NA,NA,NA,NA,NA,NA,8.2258064516129,62,85,0,0.25
"193",193,"C Nanda",NA,NA,NA,NA,NA,NA,NA,NA,NA,NA,NA,NA,NA,NA,NA,NA,NA,NA,NA,NA,NA,NA,NA,NA,NA,NA,NA,NA,NA,NA
"194",194,"SL Malinga",2,0.5,2.33333333333333,Inf,0.5,0,0.5,2.33333333333333,Inf,2.33333333333333,0.714285714285714,0.666666666666667,0.928571428571429,Inf,0.25,8.7595818815331,26.0909090909091,38.0909090909091,0,0.916666666666667,8.7595818815331,26.0909090909091,38.0909090909091,0,0.916666666666667,8.15639097744361,19,25.8285714285714,0.037037037037037,1.19230769230769
"195",195,"Mashrafe Mortaza",NA,NA,NA,NA,NA,NA,NA,NA,NA,NA,NA,NA,NA,NA,NA,NA,NA,NA,NA,NA,NA,NA,NA,NA,NA,NA,NA,NA,NA,NA
"196",196,"A Singh",NA,NA,NA,NA,NA,NA,NA,NA,NA,NA,NA,NA,NA,NA,NA,NA,NA,NA,NA,NA,NA,NA,NA,NA,NA,NA,NA,NA,NA,NA
"197",197,"GJ Bailey",NA,NA,NA,NA,NA,0.909090909090909,0.2,0.848484848484849,21,-0.0740740740740741,1.05084745762712,0.176470588235294,1.16271186440678,26.3846153846154,0.141630901287554,NA,NA,NA,NA,NA,NA,NA,NA,NA,NA,NA,NA,NA,NA,NA
"198",198,"AB McDonald",NA,NA,NA,NA,NA,NA,NA,NA,NA,NA,NA,NA,NA,NA,NA,NA,NA,NA,NA,NA,NA,NA,NA,NA,NA,NA,NA,NA,NA,NA
"199",199,"Y Nagar",NA,NA,NA,NA,NA,NA,NA,NA,NA,NA,NA,NA,NA,NA,NA,NA,NA,NA,NA,NA,NA,NA,NA,NA,NA,NA,NA,NA,NA,NA
"200",200,"SS Shaikh",NA,NA,NA,NA,NA,NA,NA,NA,NA,NA,NA,NA,NA,NA,NA,NA,NA,NA,NA,NA,NA,NA,NA,NA,NA,NA,NA,NA,NA,NA
"201",201,"R Ashwin",NA,NA,NA,NA,NA,0.789473684210526,0.666666666666667,1.07894736842105,20.5,0.34375,1.25,0.583333333333333,1.29166666666667,18.6,0.0555555555555556,NA,NA,NA,NA,NA,7.40287769784173,27.8,34.3,0.0714285714285714,0.461538461538462,6.75289575289575,25.9,29.15,0.037037037037037,0.615384615384615
"202",202,"Mohammad Ashraful",NA,NA,NA,NA,NA,NA,NA,NA,NA,NA,NA,NA,NA,NA,NA,NA,NA,NA,NA,NA,NA,NA,NA,NA,NA,NA,NA,NA,NA,NA
"203",203,"CA Pujara",NA,NA,NA,NA,NA,NA,NA,NA,NA,NA,NA,NA,NA,NA,NA,NA,NA,NA,NA,NA,NA,NA,NA,NA,NA,NA,NA,NA,NA,NA
"204",204,"OA Shah",NA,NA,NA,NA,NA,NA,NA,NA,NA,NA,NA,NA,NA,NA,NA,NA,NA,NA,NA,NA,NA,NA,NA,NA,NA,NA,NA,NA,NA,NA
"205",205,"Anirudh Singh",NA,NA,NA,NA,NA,NA,NA,NA,NA,NA,NA,NA,NA,NA,NA,NA,NA,NA,NA,NA,NA,NA,NA,NA,NA,NA,NA,NA,NA,NA
"206",206,"Jaskaran Singh",NA,NA,NA,NA,NA,NA,NA,NA,NA,NA,NA,NA,NA,NA,NA,NA,NA,NA,NA,NA,NA,NA,NA,NA,NA,NA,NA,NA,NA,NA
"207",207,"AP Tare",0.48,0,0.72,9,0.272727272727273,1,0,0.65,8.66666666666667,-0.4375,0.862068965517241,0,0.689655172413793,8,-0.208333333333333,NA,NA,NA,NA,NA,NA,NA,NA,NA,NA,NA,NA,NA,NA,NA
"208",208,"AT Rayudu",0.575,0.2,1.1375,22.75,0.642857142857143,0.961538461538462,0,1.16758241758242,28.3333333333333,0.255102040816327,0.948121645796064,0.161290322580645,1.26296958855098,29.4166666666667,0.388520971302428,NA,NA,NA,NA,NA,NA,NA,NA,NA,NA,NA,NA,NA,NA,NA
"209",209,"R Sathish",NA,NA,NA,NA,NA,0.416666666666667,0,1,8,0.636363636363636,0.416666666666667,0,1,8,0.636363636363636,NA,NA,NA,NA,NA,9.63157894736842,38,61,0,0.333333333333333,9.63157894736842,38,61,0,0.333333333333333
"210",210,"R McLaren",NA,NA,NA,NA,NA,NA,NA,NA,NA,NA,NA,NA,NA,NA,NA,NA,NA,NA,NA,NA,NA,NA,NA,NA,NA,NA,NA,NA,NA,NA
"211",211,"AA Jhunjhunwala",NA,NA,NA,NA,NA,NA,NA,NA,NA,NA,NA,NA,NA,NA,NA,NA,NA,NA,NA,NA,NA,NA,NA,NA,NA,NA,NA,NA,NA,NA
"212",212,"P Dogra",NA,NA,NA,NA,NA,NA,NA,NA,NA,NA,NA,NA,NA,NA,NA,NA,NA,NA,NA,NA,NA,NA,NA,NA,NA,NA,NA,NA,NA,NA
"213",213,"A Uniyal",NA,NA,NA,NA,NA,NA,NA,NA,NA,NA,NA,NA,NA,NA,NA,NA,NA,NA,NA,NA,NA,NA,NA,NA,NA,NA,NA,NA,NA,NA
"214",214,"MS Bisla",NA,NA,NA,NA,NA,NA,NA,NA,NA,NA,2,0,1.23333333333333,18.5,-1.27777777777778,NA,NA,NA,NA,NA,NA,NA,NA,NA,NA,NA,NA,NA,NA,NA
"215",215,"YA Abdulla",NA,NA,NA,NA,NA,NA,NA,NA,NA,NA,NA,NA,NA,NA,NA,NA,NA,NA,NA,NA,NA,NA,NA,NA,NA,NA,NA,NA,NA,NA
"216",216,"EJG Morgan",0.580645161290323,0,1.04838709677419,21.6666666666667,0.537037037037037,0.838323353293413,0.1,1.12574850299401,23.5,0.345323741007194,0.778816199376947,0.105263157894737,1.16822429906542,25,0.461254612546125,NA,NA,NA,NA,NA,NA,NA,NA,NA,NA,NA,NA,NA,NA,NA
"217",217,"JM Kemp",NA,NA,NA,NA,NA,NA,NA,NA,NA,NA,NA,NA,NA,NA,NA,NA,NA,NA,NA,NA,NA,NA,NA,NA,NA,NA,NA,NA,NA,NA
"218",218,"S Tyagi",NA,NA,NA,NA,NA,NA,NA,NA,NA,NA,NA,NA,NA,NA,NA,NA,NA,NA,NA,NA,NA,NA,NA,NA,NA,NA,NA,NA,NA,NA
"219",219,"RS Gavaskar",NA,NA,NA,NA,NA,NA,NA,NA,NA,NA,NA,NA,NA,NA,NA,NA,NA,NA,NA,NA,NA,NA,NA,NA,NA,NA,NA,NA,NA,NA
"220",220,"SE Bond",NA,NA,NA,NA,NA,NA,NA,NA,NA,NA,NA,NA,NA,NA,NA,NA,NA,NA,NA,NA,NA,NA,NA,NA,NA,NA,NA,NA,NA,NA
"221",221,"KA Pollard",0.836734693877551,0.125,1.34353741496599,28.2142857142857,0.610655737704918,0.844444444444444,0.214285714285714,1.34,27.4090909090909,0.596256684491979,0.916666666666667,0.238095238095238,1.41944444444444,31.9375,0.615646258503401,15.5,Inf,Inf,0,0,14.0816326530612,Inf,Inf,0,0,11.2153846153846,43.3333333333333,81,0,0.230769230769231
"222",222,"S Ladda",NA,NA,NA,NA,NA,NA,NA,NA,NA,NA,NA,NA,NA,NA,NA,NA,NA,NA,NA,NA,10.5,Inf,Inf,0,0,10.5,Inf,Inf,0,0
"223",223,"DP Nannes",NA,NA,NA,NA,NA,NA,NA,NA,NA,NA,NA,NA,NA,NA,NA,NA,NA,NA,NA,NA,NA,NA,NA,NA,NA,NA,NA,NA,NA,NA
"224",224,"MJ Lumb",NA,NA,NA,NA,NA,NA,NA,NA,NA,NA,NA,NA,NA,NA,NA,NA,NA,NA,NA,NA,NA,NA,NA,NA,NA,NA,NA,NA,NA,NA
"225",225,"DR Martyn",NA,NA,NA,NA,NA,NA,NA,NA,NA,NA,NA,NA,NA,NA,NA,NA,NA,NA,NA,NA,NA,NA,NA,NA,NA,NA,NA,NA,NA,NA
"226",226,"S Narwal",NA,NA,NA,NA,NA,NA,NA,NA,NA,NA,NA,NA,NA,NA,NA,NA,NA,NA,NA,NA,NA,NA,NA,NA,NA,NA,NA,NA,NA,NA
"227",227,"AB Barath",NA,NA,NA,NA,NA,NA,NA,NA,NA,NA,NA,NA,NA,NA,NA,NA,NA,NA,NA,NA,NA,NA,NA,NA,NA,NA,NA,NA,NA,NA
"228",228,"Bipul Sharma",0.56,0.666666666666667,1.24,31,0.772727272727273,0.6,0.714285714285714,1.64,41,1.18181818181818,0.576923076923077,0.625,1.59615384615385,41.5,1.15217391304348,8.1,33.3333333333333,45,0,0.428571428571429,8.47826086956522,30.6666666666667,43.3333333333333,0,0.461538461538462,8.23008849557522,25.1111111111111,34.4444444444444,0,0.5625
"229",229,"FY Fazal",NA,NA,NA,NA,NA,NA,NA,NA,NA,NA,NA,NA,NA,NA,NA,NA,NA,NA,NA,NA,NA,NA,NA,NA,NA,NA,NA,NA,NA,NA
"230",230,"AC Voges",NA,NA,NA,NA,NA,NA,NA,NA,NA,NA,NA,NA,NA,NA,NA,NA,NA,NA,NA,NA,NA,NA,NA,NA,NA,NA,NA,NA,NA,NA
"231",231,"MD Mishra",NA,NA,NA,NA,NA,NA,NA,NA,NA,NA,NA,NA,NA,NA,NA,NA,NA,NA,NA,NA,NA,NA,NA,NA,NA,NA,NA,NA,NA,NA
"232",232,"UT Yadav",0,1,0.769230769230769,Inf,0.769230769230769,0,0.666666666666667,1,19,1,1.42857142857143,0.666666666666667,1.37142857142857,24,-0.08,9.27631578947368,17.8823529411765,27.6470588235294,0.0714285714285714,1,9.46895074946467,17.2962962962963,27.2962962962963,0.0434782608695652,1.04545454545455,9.3806275579809,19.8108108108108,30.972972972973,0.0285714285714286,0.970588235294118
"233",233,"J Theron",NA,NA,NA,NA,NA,NA,NA,NA,NA,NA,0,1,1,Inf,1,NA,NA,NA,NA,NA,NA,NA,NA,NA,NA,10.1538461538462,26,44,0,1
"234",234,"SJ Srivastava",NA,NA,NA,NA,NA,NA,NA,NA,NA,NA,NA,NA,NA,NA,NA,NA,NA,NA,NA,NA,NA,NA,NA,NA,NA,NA,NA,NA,NA,NA
"235",235,"R Sharma",NA,NA,NA,NA,NA,NA,NA,NA,NA,NA,NA,NA,NA,NA,NA,NA,NA,NA,NA,NA,NA,NA,NA,NA,NA,NA,NA,NA,NA,NA
"236",236,"Mandeep Singh",0.606741573033708,0,1.0561797752809,18.8,0.522875816993464,1.17977528089888,-0.1,1.0561797752809,18.8,-0.161764705882353,1.35714285714286,0,1.23214285714286,21.5625,-0.17156862745098,NA,NA,NA,NA,NA,NA,NA,NA,NA,NA,NA,NA,NA,NA,NA
"237",237,"KM Jadhav",0.824742268041237,0.153846153846154,1.37628865979381,33.375,0.672955974842767,1.18942731277533,0.3125,1.36123348017621,38.625,0.225433526011561,1.16216216216216,0.321428571428571,1.34594594594595,31.125,0.23943661971831,NA,NA,NA,NA,NA,NA,NA,NA,NA,NA,NA,NA,NA,NA,NA
"238",238,"SW Tait",NA,NA,NA,NA,NA,NA,NA,NA,NA,NA,NA,NA,NA,NA,NA,NA,NA,NA,NA,NA,NA,NA,NA,NA,NA,NA,NA,NA,NA,NA
"239",239,"KB Arun Karthik",NA,NA,NA,NA,NA,NA,NA,NA,NA,NA,NA,NA,NA,NA,NA,NA,NA,NA,NA,NA,NA,NA,NA,NA,NA,NA,NA,NA,NA,NA
"240",240,"KAJ Roach",NA,NA,NA,NA,NA,NA,NA,NA,NA,NA,NA,NA,NA,NA,NA,NA,NA,NA,NA,NA,NA,NA,NA,NA,NA,NA,NA,NA,NA,NA
"241",241,"PD Collingwood",NA,NA,NA,NA,NA,NA,NA,NA,NA,NA,NA,NA,NA,NA,NA,NA,NA,NA,NA,NA,NA,NA,NA,NA,NA,NA,NA,NA,NA,NA
"242",242,"CK Langeveldt",NA,NA,NA,NA,NA,NA,NA,NA,NA,NA,NA,NA,NA,NA,NA,NA,NA,NA,NA,NA,NA,NA,NA,NA,NA,NA,NA,NA,NA,NA
"243",243,"VS Malik",NA,NA,NA,NA,NA,NA,NA,NA,NA,NA,NA,NA,NA,NA,NA,NA,NA,NA,NA,NA,NA,NA,NA,NA,NA,NA,NA,NA,NA,NA
"244",244,"A Mithun",NA,NA,NA,NA,NA,NA,NA,NA,NA,NA,NA,NA,NA,NA,NA,NA,NA,NA,NA,NA,NA,NA,NA,NA,NA,NA,NA,NA,NA,NA
"245",245,"AP Dole",NA,NA,NA,NA,NA,NA,NA,NA,NA,NA,NA,NA,NA,NA,NA,NA,NA,NA,NA,NA,NA,NA,NA,NA,NA,NA,NA,NA,NA,NA
"246",246,"AN Ahmed",NA,NA,NA,NA,NA,NA,NA,NA,NA,NA,4,0.666666666666667,2,10,-10,NA,NA,NA,NA,NA,NA,NA,NA,NA,NA,11.0526315789474,76,140,0,0.333333333333333
"247",247,"RS Sodhi",NA,NA,NA,NA,NA,NA,NA,NA,NA,NA,NA,NA,NA,NA,NA,NA,NA,NA,NA,NA,NA,NA,NA,NA,NA,NA,NA,NA,NA,NA
"248",248,"DE Bollinger",NA,NA,NA,NA,NA,NA,NA,NA,NA,NA,NA,NA,NA,NA,NA,NA,NA,NA,NA,NA,NA,NA,NA,NA,NA,NA,NA,NA,NA,NA
"249",249,"S Sriram",NA,NA,NA,NA,NA,NA,NA,NA,NA,NA,NA,NA,NA,NA,NA,NA,NA,NA,NA,NA,NA,NA,NA,NA,NA,NA,NA,NA,NA,NA
"250",250,"B Sumanth",NA,NA,NA,NA,NA,NA,NA,NA,NA,NA,NA,NA,NA,NA,NA,NA,NA,NA,NA,NA,NA,NA,NA,NA,NA,NA,NA,NA,NA,NA
"251",251,"C Madan",NA,NA,NA,NA,NA,NA,NA,NA,NA,NA,NA,NA,NA,NA,NA,NA,NA,NA,NA,NA,NA,NA,NA,NA,NA,NA,NA,NA,NA,NA
"252",252,"AG Paunikar",NA,NA,NA,NA,NA,NA,NA,NA,NA,NA,NA,NA,NA,NA,NA,NA,NA,NA,NA,NA,NA,NA,NA,NA,NA,NA,NA,NA,NA,NA
"253",253,"MR Marsh",NA,NA,NA,NA,NA,0,0,0.636363636363636,7,0.636363636363636,0,0,0.636363636363636,7,0.636363636363636,NA,NA,NA,NA,NA,5.01818181818182,13.75,11.5,0,1.33333333333333,5.01818181818182,13.75,11.5,0,1.33333333333333
"254",254,"AJ Finch",1.12631578947368,0.0769230769230769,1.57894736842105,25,0.589041095890411,1.39720558882236,0.2,1.38323353293413,34.65,-0.0193905817174515,1.38576779026217,0.214285714285714,1.34082397003745,32.5454545454545,-0.0621761658031088,NA,NA,NA,NA,NA,NA,NA,NA,NA,NA,NA,NA,NA,NA,NA
"255",255,"STR Binny",0.545454545454545,0.285714285714286,1.01298701298701,15.6,0.529411764705882,0.932203389830508,0.25,1.19491525423729,17.625,0.322916666666667,0.962566844919786,0.3,1.14973262032086,19.5454545454545,0.231788079470199,8.27027027027027,9.25,12.75,0,1,7.95744680851064,28.2,37.4,0,0.333333333333333,7.8,28.8888888888889,37.5555555555556,0,0.36
"256",256,"Harmeet Singh",NA,NA,NA,NA,NA,NA,NA,NA,NA,NA,NA,NA,NA,NA,NA,NA,NA,NA,NA,NA,NA,NA,NA,NA,NA,NA,NA,NA,NA,NA
"257",257,"IR Jaggi",0.3,0.5,0.825,33,0.567567567567568,0.75,0.5,0.825,33,0.0882352941176471,0.75,0.5,0.825,33,0.0882352941176471,NA,NA,NA,NA,NA,NA,NA,NA,NA,NA,NA,NA,NA,NA,NA
"258",258,"DT Christian",0.961538461538462,0.333333333333333,1.51923076923077,15.8,0.69047619047619,0.961538461538462,0.333333333333333,1.51923076923077,15.8,0.69047619047619,0.961538461538462,0.333333333333333,1.51923076923077,15.8,0.69047619047619,7.63855421686747,22.6363636363636,28.8181818181818,0,0.846153846153846,7.63855421686747,22.6363636363636,28.8181818181818,0,0.846153846153846,7.63855421686747,22.6363636363636,28.8181818181818,0,0.846153846153846
"259",259,"RV Gomez",NA,NA,NA,NA,NA,NA,NA,NA,NA,NA,NA,NA,NA,NA,NA,NA,NA,NA,NA,NA,NA,NA,NA,NA,NA,NA,NA,NA,NA,NA
"260",260,"MA Agarwal",0.413793103448276,0,0.896551724137931,8.66666666666667,0.538461538461538,1.09090909090909,0,0.963636363636364,8.83333333333333,-0.162790697674419,1.19834710743802,0,1.09917355371901,17.7333333333333,-0.130434782608696,NA,NA,NA,NA,NA,NA,NA,NA,NA,NA,NA,NA,NA,NA,NA
"261",261,"AUK Pathan",NA,NA,NA,NA,NA,NA,NA,NA,NA,NA,NA,NA,NA,NA,NA,NA,NA,NA,NA,NA,NA,NA,NA,NA,NA,NA,NA,NA,NA,NA
"262",262,"UBT Chand",NA,NA,NA,NA,NA,0,0,0,0,0,1.38297872340426,0,1.08510638297872,17,-0.411764705882353,NA,NA,NA,NA,NA,NA,NA,NA,NA,NA,NA,NA,NA,NA,NA
"263",263,"DJ Jacobs",NA,NA,NA,NA,NA,NA,NA,NA,NA,NA,NA,NA,NA,NA,NA,NA,NA,NA,NA,NA,NA,NA,NA,NA,NA,NA,NA,NA,NA,NA
"264",264,"Sunny Singh",NA,NA,NA,NA,NA,NA,NA,NA,NA,NA,NA,NA,NA,NA,NA,NA,NA,NA,NA,NA,NA,NA,NA,NA,NA,NA,NA,NA,NA,NA
"265",265,"NJ Rimmington",NA,NA,NA,NA,NA,NA,NA,NA,NA,NA,NA,NA,NA,NA,NA,NA,NA,NA,NA,NA,NA,NA,NA,NA,NA,NA,NA,NA,NA,NA
"266",266,"AL Menaria",NA,NA,NA,NA,NA,NA,NA,NA,NA,NA,NA,NA,NA,NA,NA,NA,NA,NA,NA,NA,NA,NA,NA,NA,NA,NA,NA,NA,NA,NA
"267",267,"WD Parnell",NA,NA,NA,NA,NA,NA,NA,NA,NA,NA,NA,NA,NA,NA,NA,NA,NA,NA,NA,NA,NA,NA,NA,NA,NA,NA,NA,NA,NA,NA
"268",268,"JJ van der Wath",NA,NA,NA,NA,NA,NA,NA,NA,NA,NA,NA,NA,NA,NA,NA,NA,NA,NA,NA,NA,NA,NA,NA,NA,NA,NA,NA,NA,NA,NA
"269",269,"R Ninan",NA,NA,NA,NA,NA,NA,NA,NA,NA,NA,NA,NA,NA,NA,NA,NA,NA,NA,NA,NA,NA,NA,NA,NA,NA,NA,NA,NA,NA,NA
"270",270,"S Aravind",0.2,0.5,0.8,10.6666666666667,0.631578947368421,0.5,0.5,0.8,10.6666666666667,0.333333333333333,0.48780487804878,0.571428571428571,0.780487804878049,10.6666666666667,0.324324324324324,9.12631578947368,38,57.8,0,0.5,8.51612903225806,23.25,33,0,0.842105263157895,8.24066390041494,20.0833333333333,27.5833333333333,0.0416666666666667,0.869565217391304
"271",271,"MS Wade",NA,NA,NA,NA,NA,NA,NA,NA,NA,NA,NA,NA,NA,NA,NA,NA,NA,NA,NA,NA,NA,NA,NA,NA,NA,NA,NA,NA,NA,NA
"272",272,"TD Paine",NA,NA,NA,NA,NA,NA,NA,NA,NA,NA,NA,NA,NA,NA,NA,NA,NA,NA,NA,NA,NA,NA,NA,NA,NA,NA,NA,NA,NA,NA
"273",273,"SB Wagh",NA,NA,NA,NA,NA,NA,NA,NA,NA,NA,NA,NA,NA,NA,NA,NA,NA,NA,NA,NA,NA,NA,NA,NA,NA,NA,NA,NA,NA,NA
"274",274,"AC Thomas",NA,NA,NA,NA,NA,NA,NA,NA,NA,NA,NA,NA,NA,NA,NA,NA,NA,NA,NA,NA,NA,NA,NA,NA,NA,NA,NA,NA,NA,NA
"275",275,"JEC Franklin",NA,NA,NA,NA,NA,NA,NA,NA,NA,NA,NA,NA,NA,NA,NA,NA,NA,NA,NA,NA,NA,NA,NA,NA,NA,NA,NA,NA,NA,NA
"276",276,"Shakib Al Hasan",0,1,1,Inf,1,0.642201834862385,0.375,1.05504587155963,23,0.473684210526316,0.851063829787234,0.272727272727273,1.0709219858156,21.5714285714286,0.264957264957265,12.3333333333333,Inf,Inf,0,0,8.42307692307692,41.6,58.4,0,0.5,8.48484848484848,33,46.6666666666667,0,0.642857142857143
"277",277,"DH Yagnik",NA,NA,NA,NA,NA,NA,NA,NA,NA,NA,NA,NA,NA,NA,NA,NA,NA,NA,NA,NA,NA,NA,NA,NA,NA,NA,NA,NA,NA,NA
"278",278,"S Randiv",NA,NA,NA,NA,NA,NA,NA,NA,NA,NA,NA,NA,NA,NA,NA,NA,NA,NA,NA,NA,NA,NA,NA,NA,NA,NA,NA,NA,NA,NA
"279",279,"BJ Haddin",NA,NA,NA,NA,NA,NA,NA,NA,NA,NA,NA,NA,NA,NA,NA,NA,NA,NA,NA,NA,NA,NA,NA,NA,NA,NA,NA,NA,NA,NA
"280",280,"NLTC Perera",NA,NA,NA,NA,NA,0.721649484536082,0.3,1.54639175257732,21.4285714285714,0.963855421686747,0.625,0.25,1.44642857142857,18,0.938775510204082,NA,NA,NA,NA,NA,9.77227722772277,22.4444444444444,36.5555555555556,0,0.818181818181818,9.6652719665272,23.9,38.5,0,0.769230769230769
"281",281,"NL McCullum",NA,NA,NA,NA,NA,NA,NA,NA,NA,NA,NA,NA,NA,NA,NA,NA,NA,NA,NA,NA,NA,NA,NA,NA,NA,NA,NA,NA,NA,NA
"282",282,"JE Taylor",NA,NA,NA,NA,NA,NA,NA,NA,NA,NA,NA,NA,NA,NA,NA,NA,NA,NA,NA,NA,NA,NA,NA,NA,NA,NA,NA,NA,NA,NA
"283",283,"J Syed Mohammad",NA,NA,NA,NA,NA,NA,NA,NA,NA,NA,NA,NA,NA,NA,NA,NA,NA,NA,NA,NA,NA,NA,NA,NA,NA,NA,NA,NA,NA,NA
"284",284,"RN ten Doeschate",NA,NA,NA,NA,NA,NA,NA,NA,NA,NA,0.888888888888889,0,1.35555555555556,20.3333333333333,0.567567567567568,NA,NA,NA,NA,NA,NA,NA,NA,NA,NA,4.28571428571429,Inf,Inf,0,0
"285",285,"TR Birt",NA,NA,NA,NA,NA,NA,NA,NA,NA,NA,NA,NA,NA,NA,NA,NA,NA,NA,NA,NA,NA,NA,NA,NA,NA,NA,NA,NA,NA,NA
"286",286,"AG Murtaza",NA,NA,NA,NA,NA,NA,NA,NA,NA,NA,NA,NA,NA,NA,NA,NA,NA,NA,NA,NA,NA,NA,NA,NA,NA,NA,NA,NA,NA,NA
"287",287,"Harpreet Singh",NA,NA,NA,NA,NA,NA,NA,NA,NA,NA,NA,NA,NA,NA,NA,NA,NA,NA,NA,NA,NA,NA,NA,NA,NA,NA,NA,NA,NA,NA
"288",288,"M Klinger",NA,NA,NA,NA,NA,NA,NA,NA,NA,NA,NA,NA,NA,NA,NA,NA,NA,NA,NA,NA,NA,NA,NA,NA,NA,NA,NA,NA,NA,NA
"289",289,"AC Blizzard",NA,NA,NA,NA,NA,NA,NA,NA,NA,NA,NA,NA,NA,NA,NA,NA,NA,NA,NA,NA,NA,NA,NA,NA,NA,NA,NA,NA,NA,NA
"290",290,"I Malhotra",NA,NA,NA,NA,NA,NA,NA,NA,NA,NA,NA,NA,NA,NA,NA,NA,NA,NA,NA,NA,NA,NA,NA,NA,NA,NA,NA,NA,NA,NA
"291",291,"L Ablish",NA,NA,NA,NA,NA,NA,NA,NA,NA,NA,NA,NA,NA,NA,NA,NA,NA,NA,NA,NA,NA,NA,NA,NA,NA,NA,NA,NA,NA,NA
"292",292,"CA Ingram",NA,NA,NA,NA,NA,NA,NA,NA,NA,NA,NA,NA,NA,NA,NA,NA,NA,NA,NA,NA,NA,NA,NA,NA,NA,NA,NA,NA,NA,NA
"293",293,"S Nadeem",0,0,0.222222222222222,0.666666666666667,0.222222222222222,0,0.25,0.214285714285714,1,0.214285714285714,0,0.2,0.238095238095238,1.25,0.238095238095238,6.65454545454546,18.3333333333333,20.3333333333333,0,0.857142857142857,7.46268656716418,25.125,31.25,0,0.727272727272727,7.22448979591837,30.625,36.875,0,0.615384615384615
"294",294,"P Parameswaran",NA,NA,NA,NA,NA,NA,NA,NA,NA,NA,NA,NA,NA,NA,NA,NA,NA,NA,NA,NA,NA,NA,NA,NA,NA,NA,NA,NA,NA,NA
"295",295,"CJ Ferguson",NA,NA,NA,NA,NA,NA,NA,NA,NA,NA,NA,NA,NA,NA,NA,NA,NA,NA,NA,NA,NA,NA,NA,NA,NA,NA,NA,NA,NA,NA
"296",296,"VR Aaron",0,0.5,0.363636363636364,4,0.363636363636364,0,0.5,0.363636363636364,4,0.363636363636364,0,0.333333333333333,0.714285714285714,5,0.714285714285714,8.69767441860465,18.4285714285714,26.7142857142857,0,1.16666666666667,9.14788732394366,31.5555555555556,48.1111111111111,0,0.642857142857143,9.50629722921914,33.0833333333333,52.4166666666667,0,0.631578947368421
"297",297,"AA Chavan",NA,NA,NA,NA,NA,NA,NA,NA,NA,NA,NA,NA,NA,NA,NA,NA,NA,NA,NA,NA,NA,NA,NA,NA,NA,NA,NA,NA,NA,NA
"298",298,"ND Doshi",NA,NA,NA,NA,NA,NA,NA,NA,NA,NA,NA,NA,NA,NA,NA,NA,NA,NA,NA,NA,NA,NA,NA,NA,NA,NA,NA,NA,NA,NA
"299",299,"B Kumar",0,0.5,1,4,1,1.875,0.4,1.46875,9.4,-0.65,1.9047619047619,0.461538461538462,1.52380952380952,10.6666666666667,-0.615384615384615,7.61111111111111,12.4615384615385,15.8076923076923,0.0714285714285714,1.61538461538462,7.73983739837398,15.0612244897959,19.4285714285714,0.0645161290322581,1.37931034482759,7.90009425070688,15.8358208955224,20.8507462686567,0.0444444444444444,1.34883720930233
"300",300,"Y Gnaneswara Rao",NA,NA,NA,NA,NA,NA,NA,NA,NA,NA,NA,NA,NA,NA,NA,NA,NA,NA,NA,NA,NA,NA,NA,NA,NA,NA,NA,NA,NA,NA
"301",301,"S Rana",NA,NA,NA,NA,NA,NA,NA,NA,NA,NA,NA,NA,NA,NA,NA,NA,NA,NA,NA,NA,NA,NA,NA,NA,NA,NA,NA,NA,NA,NA
"302",302,"BA Bhatt",NA,NA,NA,NA,NA,NA,NA,NA,NA,NA,NA,NA,NA,NA,NA,NA,NA,NA,NA,NA,NA,NA,NA,NA,NA,NA,NA,NA,NA,NA
"303",303,"F du Plessis",0.571428571428571,0,1.14285714285714,8,0.666666666666667,1.02272727272727,0,1.21590909090909,30.5714285714286,0.242857142857143,1.11561866125761,0.181818181818182,1.20486815415821,33,0.114882506527415,NA,NA,NA,NA,NA,NA,NA,NA,NA,NA,NA,NA,NA,NA,NA
"304",304,"RE Levi",NA,NA,NA,NA,NA,NA,NA,NA,NA,NA,NA,NA,NA,NA,NA,NA,NA,NA,NA,NA,NA,NA,NA,NA,NA,NA,NA,NA,NA,NA
"305",305,"GJ Maxwell",1.26881720430108,0.230769230769231,1.66666666666667,31,0.528571428571429,1.07936507936508,0.173913043478261,1.55238095238095,25.7368421052632,0.603238866396761,1.09302325581395,0.117647058823529,1.47674418604651,21.1666666666667,0.491071428571429,6.67826086956522,16.4285714285714,18.2857142857143,0,0.875,7.48235294117647,24.2857142857143,30.2857142857143,0,0.466666666666667,8.06008583690987,25.8888888888889,34.7777777777778,0,0.409090909090909
"306",306,"SPD Smith",0.56,0.2,1.18,39.3333333333333,0.708571428571429,1.11301369863014,0.181818181818182,1.27054794520548,46.375,0.202643171806167,1.2192118226601,0.117647058823529,1.2807881773399,38.5185185185185,0.0814332247557003,NA,NA,NA,NA,NA,NA,NA,NA,NA,NA,NA,NA,NA,NA,NA
"307",307,"MN Samuels",0.5,0.25,0.90625,9.66666666666667,0.448275862068966,0.3125,0.25,0.90625,9.66666666666667,0.633333333333333,0.3125,0.25,0.90625,9.66666666666667,0.633333333333333,11.3333333333333,Inf,Inf,0,0,11.3333333333333,Inf,Inf,0,0,11.3333333333333,Inf,Inf,0,0
"308",308,"SA Yadav",0.561797752808989,0.142857142857143,1.17977528089888,21,0.705128205128205,1.09704641350211,0.277777777777778,1.21097046413502,23.9166666666667,0.145945945945946,1.07954545454545,0.290322580645161,1.26136363636364,21.1428571428571,0.231884057971014,NA,NA,NA,NA,NA,NA,NA,NA,NA,NA,NA,NA,NA,NA,NA
"309",309,"KK Cooper",NA,NA,NA,NA,NA,NA,NA,NA,NA,NA,NA,NA,NA,NA,NA,NA,NA,NA,NA,NA,NA,NA,NA,NA,NA,NA,NA,NA,NA,NA
"310",310,"JP Faulkner",0.266666666666667,0.166666666666667,0.9,13.5,0.678571428571429,0.916666666666667,0.272727272727273,1.09166666666667,18.7142857142857,0.214285714285714,0.974576271186441,0.227272727272727,1.16525423728814,18.3333333333333,0.236842105263158,10.609756097561,20.5,36.25,0.125,0.571428571428571,10.3235294117647,27.2,46.8,0.0666666666666667,0.428571428571429,9.98191681735985,30.7222222222222,51.1111111111111,0.0357142857142857,0.518518518518518
"311",311,"HV Patel",NA,NA,NA,NA,NA,NA,NA,NA,NA,NA,0,0.333333333333333,1.35714285714286,6.33333333333333,1.35714285714286,10.56,8.33333333333333,14.6666666666667,0,3,10.3304347826087,28.75,49.5,0,0.666666666666667,8.63565891472868,18.4285714285714,26.5238095238095,0,1.05
"312",312,"DAJ Bracewell",NA,NA,NA,NA,NA,NA,NA,NA,NA,NA,NA,NA,NA,NA,NA,NA,NA,NA,NA,NA,NA,NA,NA,NA,NA,NA,NA,NA,NA,NA
"313",313,"DJ Harris",NA,NA,NA,NA,NA,NA,NA,NA,NA,NA,NA,NA,NA,NA,NA,NA,NA,NA,NA,NA,NA,NA,NA,NA,NA,NA,NA,NA,NA,NA
"314",314,"Ankit Sharma",0.875,0,1.5625,25,0.846153846153846,1.05263157894737,0.5,1.47368421052632,28,0.533333333333333,1.2,0.5,1.4,17.5,0.263157894736842,16,Inf,Inf,0,0,8.36842105263158,76,106,0,0.25,8.37037037037037,40.5,56.5,0,0.5
"315",315,"SP Narine",1.45185185185185,0.142857142857143,1.65925925925926,18.6666666666667,0.307692307692308,2.28187919463087,0.294117647058824,1.5503355704698,19.25,-1.34567901234568,2.26666666666667,0.333333333333333,1.54,19.25,-1.32926829268293,7.12707182320442,36.2,43,0,0.666666666666667,7.26923076923077,29.7142857142857,36,0,0.807692307692308,7.44878048780488,29.2857142857143,36.3571428571429,0.0294117647058824,0.727272727272727
"316",316,"GB Hogg",NA,NA,NA,NA,NA,NA,NA,NA,NA,NA,0,1,1.16666666666667,Inf,1.16666666666667,NA,NA,NA,NA,NA,9.30612244897959,24.5,38,0,0.8,8.16,17.3076923076923,23.5384615384615,0.0909090909090909,0.9
"317",317,"RR Bhatkal",NA,NA,NA,NA,NA,NA,NA,NA,NA,NA,NA,NA,NA,NA,NA,NA,NA,NA,NA,NA,NA,NA,NA,NA,NA,NA,NA,NA,NA,NA
"318",318,"CJ McKay",NA,NA,NA,NA,NA,NA,NA,NA,NA,NA,NA,NA,NA,NA,NA,NA,NA,NA,NA,NA,NA,NA,NA,NA,NA,NA,NA,NA,NA,NA
"319",319,"N Saini",NA,NA,NA,NA,NA,NA,NA,NA,NA,NA,NA,NA,NA,NA,NA,NA,NA,NA,NA,NA,NA,NA,NA,NA,NA,NA,NA,NA,NA,NA
"320",320,"DA Miller",0.48780487804878,0.25,1.01219512195122,27.6666666666667,0.581081081081081,0.678733031674208,0.235294117647059,1.10407239819005,18.7692307692308,0.492146596858639,0.727272727272727,0.133333333333333,1.21414141414141,24.04,0.569739952718676,NA,NA,NA,NA,NA,NA,NA,NA,NA,NA,NA,NA,NA,NA,NA
"321",321,"Azhar Mahmood",NA,NA,NA,NA,NA,NA,NA,NA,NA,NA,1.25,0,0.75,6,-0.666666666666667,NA,NA,NA,NA,NA,NA,NA,NA,NA,NA,13.5,Inf,Inf,0,0
"322",322,"P Negi",0.719298245614035,0.1,1.26315789473684,18,0.639175257731959,0.677966101694915,0.25,1.13559322033898,20.1,0.529411764705882,0.866141732283465,0.28,1.24803149606299,19.8125,0.461904761904762,6.42,12.5,13.375,0,1.33333333333333,7.03937007874016,14.9411764705882,17.5294117647059,0,1,7.78489702517163,19,24.6521739130435,0,0.851851851851852
"323",323,"RJ Peterson",NA,NA,NA,NA,NA,NA,NA,NA,NA,NA,NA,NA,NA,NA,NA,NA,NA,NA,NA,NA,NA,NA,NA,NA,NA,NA,NA,NA,NA,NA
"324",324,"KMDN Kulasekara",NA,NA,NA,NA,NA,NA,NA,NA,NA,NA,NA,NA,NA,NA,NA,NA,NA,NA,NA,NA,NA,NA,NA,NA,NA,NA,NA,NA,NA,NA
"325",325,"A Ashish Reddy",NA,NA,NA,NA,NA,0.666666666666667,0.333333333333333,1.56666666666667,47,1.03846153846154,0.657894736842105,0.375,1.57894736842105,40,1.06060606060606,NA,NA,NA,NA,NA,10.695652173913,23,41,0,0.5,9.4,15,23.5,0,0.666666666666667
"326",326,"V Pratap Singh",NA,NA,NA,NA,NA,NA,NA,NA,NA,NA,NA,NA,NA,NA,NA,NA,NA,NA,NA,NA,NA,NA,NA,NA,NA,NA,NA,NA,NA,NA
"327",327,"BB Samantray",NA,NA,NA,NA,NA,NA,NA,NA,NA,NA,NA,NA,NA,NA,NA,NA,NA,NA,NA,NA,NA,NA,NA,NA,NA,NA,NA,NA,NA,NA
"328",328,"MJ Clarke",NA,NA,NA,NA,NA,NA,NA,NA,NA,NA,NA,NA,NA,NA,NA,NA,NA,NA,NA,NA,NA,NA,NA,NA,NA,NA,NA,NA,NA,NA
"329",329,"Gurkeerat Singh",NA,NA,NA,NA,NA,1.26436781609195,0,1.29885057471264,37.6666666666667,0.0461538461538462,1.09375,0,1.15625,18.5,0.08,NA,NA,NA,NA,NA,7.61538461538462,13,16.5,0,0.666666666666667,7.39024390243902,16.4,20.2,0,0.833333333333333
"330",330,"AP Majumdar",NA,NA,NA,NA,NA,NA,NA,NA,NA,NA,NA,NA,NA,NA,NA,NA,NA,NA,NA,NA,NA,NA,NA,NA,NA,NA,NA,NA,NA,NA
"331",331,"PA Reddy",NA,NA,NA,NA,NA,NA,NA,NA,NA,NA,NA,NA,NA,NA,NA,NA,NA,NA,NA,NA,NA,NA,NA,NA,NA,NA,NA,NA,NA,NA
"332",332,"K Upadhyay",NA,NA,NA,NA,NA,NA,NA,NA,NA,NA,NA,NA,NA,NA,NA,NA,NA,NA,NA,NA,NA,NA,NA,NA,NA,NA,NA,NA,NA,NA
"333",333,"P Awana",NA,NA,NA,NA,NA,NA,NA,NA,NA,NA,NA,NA,NA,NA,NA,NA,NA,NA,NA,NA,NA,NA,NA,NA,NA,NA,NA,NA,NA,NA
"334",334,"AD Russell",NA,NA,NA,NA,NA,0.8,0.125,1.504,31.3333333333333,0.838095238095238,1.5,0.263157894736842,1.71333333333333,39.5384615384615,0.304761904761905,NA,NA,NA,NA,NA,8.57142857142857,14.9333333333333,21.3333333333333,0.0833333333333333,1,8.44769874476987,16.4827586206897,23.2068965517241,0.04,1.04166666666667
"335",335,"A Chandila",NA,NA,NA,NA,NA,NA,NA,NA,NA,NA,NA,NA,NA,NA,NA,NA,NA,NA,NA,NA,NA,NA,NA,NA,NA,NA,NA,NA,NA,NA
"336",336,"CA Lynn",1.22285714285714,0.142857142857143,1.68571428571429,59,0.618320610687023,1.26262626262626,0.222222222222222,1.61616161616162,53.3333333333333,0.472972972972973,1.26262626262626,0.222222222222222,1.61616161616162,53.3333333333333,0.472972972972973,NA,NA,NA,NA,NA,NA,NA,NA,NA,NA,NA,NA,NA,NA,NA
"337",337,"Sunny Gupta",NA,NA,NA,NA,NA,NA,NA,NA,NA,NA,NA,NA,NA,NA,NA,NA,NA,NA,NA,NA,NA,NA,NA,NA,NA,NA,NA,NA,NA,NA
"338",338,"MC Juneja",NA,NA,NA,NA,NA,NA,NA,NA,NA,NA,NA,NA,NA,NA,NA,NA,NA,NA,NA,NA,NA,NA,NA,NA,NA,NA,NA,NA,NA,NA
"339",339,"KK Nair",0.838427947598253,0,1.22707423580786,23.4166666666667,0.483695652173913,1.48217636022514,0.04,1.19699812382739,29,-0.405333333333333,1.42647058823529,0.0810810810810811,1.20441176470588,25.59375,-0.310699588477366,NA,NA,NA,NA,NA,NA,NA,NA,NA,NA,NA,NA,NA,NA,NA
"340",340,"GH Vihari",NA,NA,NA,NA,NA,NA,NA,NA,NA,NA,1.66666666666667,0,1.08333333333333,9.75,-0.875,NA,NA,NA,NA,NA,NA,NA,NA,NA,NA,NA,NA,NA,NA,NA
"341",341,"MDKJ Perera",NA,NA,NA,NA,NA,NA,NA,NA,NA,NA,NA,NA,NA,NA,NA,NA,NA,NA,NA,NA,NA,NA,NA,NA,NA,NA,NA,NA,NA,NA
"342",342,"R Shukla",NA,NA,NA,NA,NA,NA,NA,NA,NA,NA,NA,NA,NA,NA,NA,NA,NA,NA,NA,NA,NA,NA,NA,NA,NA,NA,NA,NA,NA,NA
"343",343,"B Laughlin",NA,NA,NA,NA,NA,NA,NA,NA,NA,NA,NA,NA,NA,NA,NA,NA,NA,NA,NA,NA,NA,NA,NA,NA,NA,NA,NA,NA,NA,NA
"344",344,"AS Rajpoot",0.571428571428571,0,0.571428571428571,4,0,1.42857142857143,0,0.571428571428571,4,-1.2,1.42857142857143,0,0.571428571428571,4,-1.2,8.41379310344828,21.75,30.5,0,0.8,8.94339622641509,22.7142857142857,33.8571428571429,0,0.777777777777778,8.94339622641509,22.7142857142857,33.8571428571429,0,0.777777777777778
"345",345,"M Vohra",0.858823529411765,0,1.34705882352941,25.4444444444444,0.601449275362319,1.37254901960784,-0.0625,1.27450980392157,26,-0.135135135135135,1.18251928020566,-0.0434782608695652,1.2133676092545,21.4545454545455,0.0404040404040404,NA,NA,NA,NA,NA,NA,NA,NA,NA,NA,NA,NA,NA,NA,NA
"346",346,"JD Unadkat",0,1,0.4,Inf,0.4,0,1,0.4,Inf,0.4,0,1,0.4,Inf,0.4,7.35483870967742,11.625,14.25,0.0833333333333333,1.72727272727273,7.89261744966443,12.4166666666667,16.3333333333333,0.0769230769230769,1.58333333333333,8.0126582278481,13.1666666666667,17.5833333333333,0.0714285714285714,1.46153846153846
"347",347,"Mohammed Shami",1.16666666666667,0.333333333333333,1.5,9,0.444444444444444,1.42857142857143,0.5,1.35714285714286,9.5,-0.1,1.42857142857143,0.5,1.35714285714286,9.5,-0.1,9.67272727272727,33,53.2,0,0.625,10.018691588785,32.1,53.6,0,0.625,10.018691588785,32.1,53.6,0,0.625
"348",348,"BMAJ Mendis",NA,NA,NA,NA,NA,NA,NA,NA,NA,NA,NA,NA,NA,NA,NA,NA,NA,NA,NA,NA,NA,NA,NA,NA,NA,NA,NA,NA,NA,NA
"349",349,"R Rampaul",NA,NA,NA,NA,NA,NA,NA,NA,NA,NA,NA,NA,NA,NA,NA,NA,NA,NA,NA,NA,NA,NA,NA,NA,NA,NA,NA,NA,NA,NA
"350",350,"CH Morris",0.989690721649485,0.375,1.58762886597938,30.8,0.763157894736842,1.4218009478673,0.4,1.65402843601896,49.8571428571429,0.324503311258278,1.27906976744186,0.5,1.64728682170543,53.125,0.494791666666667,7.77777777777778,15.75,20.4166666666667,0.111111111111111,1,7.67170626349892,18.52,23.68,0.0476190476190476,1.05,7.83356070941337,18.7948717948718,24.5384615384615,0.0625,1.03333333333333
"351",351,"SV Samson",0.88,0,1.40363636363636,29.6923076923077,0.642857142857143,0.962962962962963,0.142857142857143,1.2537037037037,29.4347826086957,0.360091743119266,0.963172804532578,0.128205128205128,1.24787535410765,26.6969696969697,0.352631578947368,NA,NA,NA,NA,NA,NA,NA,NA,NA,NA,NA,NA,NA,NA,NA
"352",352,"SMSM Senanayake",NA,NA,NA,NA,NA,NA,NA,NA,NA,NA,NA,NA,NA,NA,NA,NA,NA,NA,NA,NA,NA,NA,NA,NA,NA,NA,NA,NA,NA,NA
"353",353,"BJ Rohrer",NA,NA,NA,NA,NA,NA,NA,NA,NA,NA,NA,NA,NA,NA,NA,NA,NA,NA,NA,NA,NA,NA,NA,NA,NA,NA,NA,NA,NA,NA
"354",354,"KL Rahul",NA,NA,NA,NA,NA,1.33574007220217,0.25,1.43321299638989,44.1111111111111,0.133004926108374,1.09756097560976,0.2,1.31463414634146,38.5,0.278125,NA,NA,NA,NA,NA,NA,NA,NA,NA,NA,NA,NA,NA,NA,NA
"355",355,"Q de Kock",NA,NA,NA,NA,NA,1.52941176470588,0,1.30882352941176,37.0833333333333,-0.317796610169492,1.67464114832536,0,1.35645933014354,37.8,-0.47841726618705,NA,NA,NA,NA,NA,NA,NA,NA,NA,NA,NA,NA,NA,NA,NA
"356",356,"R Dhawan",NA,NA,NA,NA,NA,0,1,2.33333333333333,Inf,2.33333333333333,0.512820512820513,0.666666666666667,1.28205128205128,25,0.857142857142857,NA,NA,NA,NA,NA,7.86666666666667,22.5,29.5,0,1,8.66129032258064,41.3333333333333,59.6666666666667,0,0.428571428571429
"357",357,"MG Johnson",0.588235294117647,1,1.17647058823529,Inf,0.666666666666667,0.32258064516129,0.5,0.806451612903226,12.5,0.517241379310345,0.289855072463768,0.416666666666667,0.811594202898551,9.33333333333333,0.553846153846154,7.632,17.8571428571429,22.7142857142857,0,1.4,8.44329896907217,21.5555555555556,30.3333333333333,0,1.125,9.06352941176471,22.3684210526316,33.7894736842105,0,1.11764705882353
"358",358,"LJ Wright",NA,NA,NA,NA,NA,NA,NA,NA,NA,NA,NA,NA,NA,NA,NA,NA,NA,NA,NA,NA,NA,NA,NA,NA,NA,NA,NA,NA,NA,NA
"359",359,"IC Pandey",NA,NA,NA,NA,NA,NA,NA,NA,NA,NA,NA,NA,NA,NA,NA,NA,NA,NA,NA,NA,NA,NA,NA,NA,NA,7.49206349206349,17.1818181818182,21.4545454545455,0,1.1
"360",360,"CM Gautam",NA,NA,NA,NA,NA,NA,NA,NA,NA,NA,0,0,0.8,4,0.8,NA,NA,NA,NA,NA,NA,NA,NA,NA,NA,NA,NA,NA,NA,NA
"361",361,"X Thalaivan Sargunam",NA,NA,NA,NA,NA,NA,NA,NA,NA,NA,NA,NA,NA,NA,NA,NA,NA,NA,NA,NA,NA,NA,NA,NA,NA,NA,NA,NA,NA,NA
"362",362,"DJG Sammy",NA,NA,NA,NA,NA,NA,NA,NA,NA,NA,0,0,0.722222222222222,6.5,0.722222222222222,NA,NA,NA,NA,NA,NA,NA,NA,NA,NA,9,Inf,Inf,0,0
"363",363,"KW Richardson",NA,NA,NA,NA,NA,0,1,1,Inf,1,0,1,1,Inf,1,NA,NA,NA,NA,NA,10.1162790697674,12.2857142857143,20.7142857142857,0,1.75,10.1162790697674,12.2857142857143,20.7142857142857,0,1.75
"364",364,"MM Sharma",0.431372549019608,0.142857142857143,1,8.5,0.630434782608696,0.897435897435897,0.166666666666667,1.06410256410256,9.22222222222222,0.203125,0.833333333333333,0.294117647058824,1.15625,10.0909090909091,0.3875,9.09747292418773,21.3076923076923,32.3076923076923,0,0.928571428571429,8.73666092943201,22.3461538461538,32.5384615384615,0,0.928571428571429,8.62943071965628,23.275,33.475,0,0.909090909090909
"365",365,"UA Birla",NA,NA,NA,NA,NA,NA,NA,NA,NA,NA,NA,NA,NA,NA,NA,NA,NA,NA,NA,NA,NA,NA,NA,NA,NA,NA,NA,NA,NA,NA
"366",366,"Parvez Rasool",NA,NA,NA,NA,NA,1.11111111111111,0,1.11111111111111,10,0,0.909090909090909,0.5,1.09090909090909,12,0.222222222222222,NA,NA,NA,NA,NA,9.35714285714286,84,131,0,0.25,8.52631578947368,57,81,0,0.333333333333333
"367",367,"Sandeep Sharma",0,1,1,Inf,1,0,1,0.9375,Inf,0.9375,0.333333333333333,0.888888888888889,0.8,24,0.5,8.38,17.6470588235294,24.6470588235294,0.0769230769230769,1.08333333333333,7.98029556650246,19.03125,25.3125,0.037037037037037,1.07692307692308,7.76086956521739,20.4444444444444,26.4444444444444,0.0487804878048781,0.948717948717949
"368",368,"S Kaul",0,1,0,NA,0,0,1,0,NA,0,0,1,0,NA,0,8.52488687782805,13.8125,19.625,0.1,1.33333333333333,8.52488687782805,13.8125,19.625,0.1,1.33333333333333,8.52488687782805,13.8125,19.625,0.1,1.33333333333333
"369",369,"Sachin Baby",0.470588235294118,0,0.882352941176471,5,0.466666666666667,1.11111111111111,0.111111111111111,1.35353535353535,22.3333333333333,0.311688311688312,1.11111111111111,0.111111111111111,1.35353535353535,22.3333333333333,0.311688311688312,NA,NA,NA,NA,NA,4.8,5,4,0,1,4.8,5,4,0,1
"370",370,"PV Tambe",NA,NA,NA,NA,NA,0.526315789473684,1,0.368421052631579,Inf,-0.176470588235294,0.416666666666667,1,0.416666666666667,Inf,0,NA,NA,NA,NA,NA,8.90721649484536,19.4,28.8,0,0.714285714285714,8.21262458471761,25.0833333333333,34.3333333333333,0,0.705882352941177
"371",371,"NM Coulter-Nile",0.923076923076923,0,1.07692307692308,4.66666666666667,0.181818181818182,0.37037037037037,0.4,0.851851851851852,7.66666666666667,0.52,0.638297872340426,0.4,0.914893617021277,7.16666666666667,0.317073170731707,8.32584269662921,11.8666666666667,16.4666666666667,0,1.875,8.3690036900369,15.0555555555556,21,0,1.5,8.17570093457944,16.2121212121212,22.0909090909091,0.0434782608695652,1.31818181818182
"372",372,"CJ Anderson",0.661538461538462,0.363636363636364,1.09230769230769,28.4,0.495575221238938,0.615384615384615,0.363636363636364,1.09230769230769,28.4,0.543859649122807,0.833333333333333,0.333333333333333,1.12280701754386,32,0.347368421052632,9.76859504132231,40.3333333333333,65.6666666666667,0,0.375,9.76859504132231,40.3333333333333,65.6666666666667,0,0.375,9.51724137931035,36.25,57.5,0,0.4
"373",373,"NJ Maddinson",NA,NA,NA,NA,NA,NA,NA,NA,NA,NA,1.42857142857143,0,0.571428571428571,4,-1.2,NA,NA,NA,NA,NA,NA,NA,NA,NA,NA,NA,NA,NA,NA,NA
"374",374,"AR Patel",0.64327485380117,0.384615384615385,1.32748538011696,28.375,0.785234899328859,0.595238095238095,0.391304347826087,1.34126984126984,24.1428571428571,0.846846846846847,0.646651270207852,0.314285714285714,1.25635103926097,24.7272727272727,0.70026525198939,7.6734693877551,19.6,25.0666666666667,0,1.07142857142857,8.01020408163265,21,28.0357142857143,0.0357142857142857,0.888888888888889,8.21664766248575,21.390243902439,29.2926829268293,0.0238095238095238,0.902439024390244
"375",375,"JJ Bumrah",0.5,0.5,1.33333333333333,Inf,0.909090909090909,0.434782608695652,0.5,1.04347826086957,24,0.666666666666667,0.434782608695652,0.5,1.04347826086957,24,0.666666666666667,7.81769436997319,18.65,24.3,0,1.25,7.94244604316547,19.8571428571429,26.2857142857143,0,1.16666666666667,8.43181818181818,20.8421052631579,29.2894736842105,0,1.11764705882353
"376",376,"JDS Neesham",NA,NA,NA,NA,NA,NA,NA,NA,NA,NA,NA,NA,NA,NA,NA,NA,NA,NA,NA,NA,NA,NA,NA,NA,NA,NA,NA,NA,NA,NA
"377",377,"TG Southee",2,1,2.33333333333333,Inf,0.5,0.434782608695652,0.4,1.60869565217391,18.5,1.28571428571429,0.625,0.571428571428571,1.5625,25,1.07142857142857,9.54545454545454,22,35,0,1,8.11976047904192,27.8333333333333,37.6666666666667,0,0.857142857142857,8.52259332023576,28.2777777777778,40.1666666666667,0,0.857142857142857
"378",378,"MA Starc",NA,NA,NA,NA,NA,NA,NA,NA,NA,NA,0.714285714285714,0.666666666666667,0.785714285714286,11,0.0833333333333333,NA,NA,NA,NA,NA,NA,NA,NA,NA,NA,7.45588235294118,13.6,16.9,0.0833333333333333,1.45454545454545
"379",379,"BR Dunk",NA,NA,NA,NA,NA,NA,NA,NA,NA,NA,NA,NA,NA,NA,NA,NA,NA,NA,NA,NA,NA,NA,NA,NA,NA,NA,NA,NA,NA,NA
"380",380,"RR Rossouw",NA,NA,NA,NA,NA,NA,NA,NA,NA,NA,1,0,1.4,7,0.5,NA,NA,NA,NA,NA,NA,NA,NA,NA,NA,NA,NA,NA,NA,NA
"381",381,"Shivam Sharma",NA,NA,NA,NA,NA,NA,NA,NA,NA,NA,NA,NA,NA,NA,NA,NA,NA,NA,NA,NA,NA,NA,NA,NA,NA,14.6666666666667,18,44,0,1
"382",382,"YS Chahal",0,0.666666666666667,0.5,13,0.5,0,0.666666666666667,0.5,13,0.5,0,0.714285714285714,0.518518518518518,14,0.518518518518518,8.47970479704797,19.3571428571429,27.3571428571429,0,1.07692307692308,8.47668393782383,16.5428571428571,23.3714285714286,0.0384615384615385,1.24,8.61020881670534,14.8620689655172,21.3275862068966,0.025,1.38461538461538
"383",383,"LMP Simmons",0.758620689655172,0.142857142857143,1.18103448275862,22.8333333333333,0.5,0.806451612903226,0.125,1.16935483870968,20.7142857142857,0.432692307692308,1.13989637305699,0.0476190476190476,1.18307426597582,36.0526315789474,0.0559284116331096,NA,NA,NA,NA,NA,NA,NA,NA,NA,NA,NA,NA,NA,NA,NA
"384",384,"VH Zol",NA,NA,NA,NA,NA,NA,NA,NA,NA,NA,NA,NA,NA,NA,NA,NA,NA,NA,NA,NA,NA,NA,NA,NA,NA,NA,NA,NA,NA,NA
"385",385,"BCJ Cutting",1.40740740740741,0.333333333333333,1.88888888888889,25.5,0.684210526315789,1.40625,0.285714285714286,1.8125,29,0.565217391304348,1.40625,0.285714285714286,1.8125,29,0.565217391304348,9.56962025316456,79,126,0,0.25,8.44897959183673,24.5,34.5,0,0.75,8.44897959183673,24.5,34.5,0,0.75
"386",386,"Imran Tahir",0,1,0,NA,0,1.11111111111111,0.5,0.555555555555556,Inf,-0.714285714285714,0.666666666666667,0.5,0.666666666666667,10,0,7.90909090909091,15.8888888888889,20.9444444444444,0,1.5,8.177545691906,16.6521739130435,22.695652173913,0,1.4375,8.50746268656716,15.8684210526316,22.5,0.0384615384615385,1.36
"387",387,"BE Hendricks",NA,NA,NA,NA,NA,NA,NA,NA,NA,NA,0,1,0.5,Inf,0.5,NA,NA,NA,NA,NA,NA,NA,NA,NA,NA,8.78048780487805,16.4,24,0,1.25
"388",388,"S Gopal",NA,NA,NA,NA,NA,0,0,0.125,2,0.125,0,0.5,0.176470588235294,3,0.176470588235294,NA,NA,NA,NA,NA,6.66666666666667,Inf,Inf,0,0,8.32258064516129,31,43,0,0.5
"389",389,"M de Lange",NA,NA,NA,NA,NA,NA,NA,NA,NA,NA,NA,NA,NA,NA,NA,NA,NA,NA,NA,NA,NA,NA,NA,NA,NA,8.30769230769231,Inf,Inf,0,0
"390",390,"R Tewatia",1.45454545454545,0.5,1.72727272727273,19,0.428571428571429,3.63636363636364,0.5,1.72727272727273,19,-7,3.63636363636364,0.5,1.72727272727273,19,-7,5.89090909090909,18.3333333333333,18,0,1,5.89090909090909,18.3333333333333,18,0,1,6.98630136986301,18.25,21.25,0,1
"391",391,"JO Holder",NA,NA,NA,NA,NA,1,0,1.1,7.33333333333333,0.125,1,0,1.1,7.33333333333333,0.125,NA,NA,NA,NA,NA,8.16867469879518,41.5,56.5,0,0.5,8.16867469879518,41.5,56.5,0,0.5
"392",392,"Karanveer Singh",NA,NA,NA,NA,NA,NA,NA,NA,NA,NA,0.625,0.666666666666667,0.6875,11,0.0714285714285714,NA,NA,NA,NA,NA,NA,NA,NA,NA,NA,11.3103448275862,87,164,0,0.25
"393",393,"SS Iyer",0.819277108433735,0.0833333333333333,1.3574297188755,37.5555555555556,0.660098522167488,1.28813559322034,0.0555555555555556,1.24745762711864,24.5333333333333,-0.0547945205479452,1.20610687022901,0.0625,1.23206106870229,28.8214285714286,0.03420523138833,NA,NA,NA,NA,NA,NA,NA,NA,NA,NA,NA,NA,NA,NA,NA
"394",394,"DJ Hooda",0.830188679245283,0.5,1.47169811320755,26,0.772727272727273,0.786516853932584,0.333333333333333,1.24719101123595,18.5,0.546666666666667,0.72202166064982,0.233333333333333,1.34657039711191,17.7619047619048,0.729957805907173,10.5,12,21,0,0.666666666666667,8.19230769230769,20.8,28.4,0,0.555555555555556,8.41791044776119,33.5,47,0,0.375
"395",395,"Anureet Singh",0.666666666666667,0,1.25,15,0.7,1.66666666666667,0,1.25,15,-0.625,0.465116279069767,0.428571428571429,0.767441860465116,8.25,0.333333333333333,13,Inf,Inf,0,0,9,Inf,Inf,0,0,9.41935483870968,24.8,38.9333333333333,0,0.882352941176471
"396",396,"KS Williamson",0.823529411764706,0.285714285714286,1.50588235294118,51.2,0.828571428571429,1.14864864864865,0.153846153846154,1.28378378378378,34.5454545454545,0.175438596491228,1.07692307692308,0.2,1.26461538461538,34.25,0.23921568627451,NA,NA,NA,NA,NA,7,Inf,Inf,0,0,7,Inf,Inf,0,0
"397",397,"SA Abbott",NA,NA,NA,NA,NA,NA,NA,NA,NA,NA,0.769230769230769,0.5,1.15384615384615,15,0.454545454545455,NA,NA,NA,NA,NA,NA,NA,NA,NA,NA,11.0625,Inf,Inf,0,0
"398",398,"J Suchith",NA,NA,NA,NA,NA,NA,NA,NA,NA,NA,1.21212121212121,0.8,1.45454545454545,48,0.32,NA,NA,NA,NA,NA,14.1428571428571,Inf,Inf,0,0,8.98814229249012,25.3,37.9,0,0.769230769230769
"399",399,"RG More",NA,NA,NA,NA,NA,NA,NA,NA,NA,NA,0,1,1,Inf,1,NA,NA,NA,NA,NA,NA,NA,NA,NA,NA,11.1891891891892,37,69,0,0.5
"400",400,"HH Pandya",0.953488372093023,0.4375,1.45348837209302,41.6666666666667,0.609929078014184,0.630252100840336,0.36,1.23529411764706,22.6153846153846,0.692307692307692,0.784313725490196,0.363636363636364,1.32679738562091,22.5555555555556,0.643410852713178,8.55555555555556,27,38.5,0,0.461538461538462,8.82089552238806,29.7777777777778,43.7777777777778,0,0.391304347826087,9.28,37.5,58,0,0.32258064516129
"401",401,"D Wiese",NA,NA,NA,NA,NA,0,1,1.25,Inf,1.25,1.27659574468085,0.375,1.35106382978723,31.75,0.1,NA,NA,NA,NA,NA,11.7777777777778,Inf,Inf,0,0,8.90657439446367,18.0625,26.8125,0.0714285714285714,0.923076923076923
"402",402,"SN Khan",NA,NA,NA,NA,NA,2.25806451612903,0.5,2.12903225806452,66,-0.235294117647059,1.84466019417476,0.272727272727273,1.71844660194175,35.4,-0.2,NA,NA,NA,NA,NA,NA,NA,NA,NA,NA,NA,NA,NA,NA,NA
"403",403,"MJ McClenaghan",0.375,0.4,1,8,0.666666666666667,0.512820512820513,0.333333333333333,1.28205128205128,10,0.857142857142857,0.444444444444444,0.416666666666667,1.4,10.5,1.04878048780488,9.44347826086956,18.1578947368421,28.5789473684211,0,1.35714285714286,9.02215657311669,18.8055555555556,28.2777777777778,0.0357142857142857,1.18518518518519,8.84114052953157,18.1851851851852,26.7962962962963,0.025,1.28205128205128
"404",404,"DJ Muthuswami",NA,NA,NA,NA,NA,NA,NA,NA,NA,NA,0,0,0.333333333333333,Inf,0.333333333333333,NA,NA,NA,NA,NA,NA,NA,NA,NA,NA,8.21428571428571,21,28.75,0,0.666666666666667
"405",405,"PJ Cummins",0.814814814814815,0.375,1.42592592592593,15.4,0.733333333333333,0.925925925925926,0.375,1.42592592592593,15.4,0.613636363636364,0.892857142857143,0.333333333333333,1.375,12.8333333333333,0.58695652173913,8.84429065743945,19.2666666666667,28.4,0,1.25,8.84429065743945,19.2666666666667,28.4,0,1.25,9.2112676056338,22.1875,34.0625,0,1.06666666666667
"406",406,"SN Thakur",0,0,0,0,0,0,0,0,0,0,1.11111111111111,0.25,0.777777777777778,2.33333333333333,-0.428571428571429,8.4602510460251,21.7272727272727,30.6363636363636,0,0.916666666666667,8.4602510460251,21.7272727272727,30.6363636363636,0,0.916666666666667,8.77992277992278,21.5833333333333,31.5833333333333,0,0.923076923076923
"407",407,"JC Buttler",1.07027027027027,0.1,1.47567567567568,30.3333333333333,0.524475524475524,1.33689839572193,0.166666666666667,1.41176470588235,26.4,0.102189781021898,1.33689839572193,0.166666666666667,1.41176470588235,26.4,0.102189781021898,NA,NA,NA,NA,NA,NA,NA,NA,NA,NA,NA,NA,NA,NA,NA
"408",408,"CR Brathwaite",0.5,0,0.75,6,0.285714285714286,1.42857142857143,0,1.69642857142857,11.875,0.375,1.42857142857143,0,1.69642857142857,11.875,0.375,10.8947368421053,38,69,0,0.5,9.24861878453039,22.625,34.875,0,0.8,9.24861878453039,22.625,34.875,0,0.8
"409",409,"MP Stoinis",0.16,0,0.68,5.66666666666667,0.541666666666667,1.02941176470588,0.125,1.19852941176471,23.2857142857143,0.212962962962963,1.02941176470588,0.125,1.19852941176471,23.2857142857143,0.212962962962963,10.2608695652174,34.5,59,0,0.4,9.55980861244019,20.9,33.3,0.0833333333333333,0.545454545454545,9.55980861244019,20.9,33.3,0.0833333333333333,0.545454545454545
"410",410,"Ishan Kishan",0.906542056074766,0,1.29439252336449,27.7,0.482558139534884,1.33333333333333,0.0666666666666667,1.25098039215686,26.5833333333333,-0.112299465240642,1.33333333333333,0.0666666666666667,1.25098039215686,26.5833333333333,-0.112299465240642,NA,NA,NA,NA,NA,NA,NA,NA,NA,NA,NA,NA,NA,NA,NA
"411",411,"C Munro",NA,NA,NA,NA,NA,0.967741935483871,0.666666666666667,0.967741935483871,30,0,0.967741935483871,0.666666666666667,0.967741935483871,30,0,NA,NA,NA,NA,NA,7.5,Inf,Inf,0,0,7.5,Inf,Inf,0,0
"412",412,"P Sahu",NA,NA,NA,NA,NA,0.769230769230769,1,1.46153846153846,Inf,0.818181818181818,0.769230769230769,1,1.46153846153846,Inf,0.818181818181818,NA,NA,NA,NA,NA,8.97196261682243,35.6666666666667,53.3333333333333,0,0.6,8.97196261682243,35.6666666666667,53.3333333333333,0,0.6
"413",413,"KH Pandya",0.741935483870968,0.454545454545455,1.30645161290323,40.5,0.67741935483871,1.46964856230032,0.421052631578947,1.53354632587859,43.6363636363636,0.0904977375565611,1.46964856230032,0.421052631578947,1.53354632587859,43.6363636363636,0.0904977375565611,7.17073170731707,24.6,29.4,0,0.769230769230769,7.43181818181818,27.5,34.0625,0,0.666666666666667,7.43181818181818,27.5,34.0625,0,0.666666666666667
"414",414,"AD Nath",0,0,0,0,0,0.357142857142857,0,0.714285714285714,5,0.384615384615385,0.357142857142857,0,0.714285714285714,5,0.384615384615385,NA,NA,NA,NA,NA,NA,NA,NA,NA,NA,NA,NA,NA,NA,NA
"415",415,"MJ Guptill",1.11363636363636,0.142857142857143,1.5,22,0.515151515151515,1.3986013986014,0.1,1.32167832167832,21,-0.106796116504854,1.3986013986014,0.1,1.32167832167832,21,-0.106796116504854,NA,NA,NA,NA,NA,NA,NA,NA,NA,NA,NA,NA,NA,NA,NA
"416",416,"KJ Abbott",NA,NA,NA,NA,NA,0,0.666666666666667,1.625,13,1.625,0,0.666666666666667,1.625,13,1.625,NA,NA,NA,NA,NA,11.4705882352941,51,97.5,0,0.4,11.4705882352941,51,97.5,0,0.4
"417",417,"TM Head",0.660550458715596,0.428571428571429,1.38532110091743,37.75,0.840425531914894,0.794701986754967,0.4,1.35761589403974,41,0.669291338582677,0.794701986754967,0.4,1.35761589403974,41,0.669291338582677,10.125,24,40.5,0,0.4,10.125,24,40.5,0,0.4,10.125,24,40.5,0,0.4
"418",418,"M Ashwin",NA,NA,NA,NA,NA,0,0,0,0,0,0,0,0,0,0,NA,NA,NA,NA,NA,8.72727272727273,25.1428571428571,36.5714285714286,0,0.7,8.72727272727273,25.1428571428571,36.5714285714286,0,0.7
"419",419,"NS Naik",NA,NA,NA,NA,NA,0.303030303030303,0,0.696969696969697,11.5,0.419354838709677,0.303030303030303,0,0.696969696969697,11.5,0.419354838709677,NA,NA,NA,NA,NA,NA,NA,NA,NA,NA,NA,NA,NA,NA,NA
"420",420,"RR Pant",1.13274336283186,0,1.61946902654867,30.5,0.632183908045977,1.23359580052493,0.125,1.48031496062992,31.3333333333333,0.327526132404181,1.23359580052493,0.125,1.48031496062992,31.3333333333333,0.327526132404181,NA,NA,NA,NA,NA,NA,NA,NA,NA,NA,NA,NA,NA,NA,NA
"421",421,"SW Billings",0.766355140186916,0,1.28971962616822,23,0.64367816091954,1.32947976878613,0,1.30635838150289,22.6,-0.031496062992126,1.32947976878613,0,1.30635838150289,22.6,-0.031496062992126,NA,NA,NA,NA,NA,NA,NA,NA,NA,NA,NA,NA,NA,NA,NA
"422",422,"KC Cariappa",0,0,0.285714285714286,1,0.285714285714286,0,0.25,0.833333333333333,5,0.833333333333333,0,0.25,0.833333333333333,5,0.833333333333333,8.42553191489362,23.5,33,0,1,8.95477386934673,28.4285714285714,42.4285714285714,0,0.777777777777778,9.24170616113744,26.375,40.625,0,0.8
"423",423,"PSP Handscomb",NA,NA,NA,NA,NA,0,0,0.5,6,0.5,0,0,0.5,6,0.5,NA,NA,NA,NA,NA,NA,NA,NA,NA,NA,NA,NA,NA,NA,NA
"424",424,"Swapnil Singh",0,0,0.631578947368421,6,0.631578947368421,0,0,0.6,4,0.6,0,0,0.6,4,0.6,8.65116279069767,43,62,0,0.25,8.95081967213115,61,91,0,0.2,8.95081967213115,61,91,0,0.2
"425",425,"J Yadav",NA,NA,NA,NA,NA,0,1,0.5,Inf,0.5,0,1,0.5,Inf,0.5,7.45945945945946,Inf,Inf,0,0,7.36170212765957,70.5,86.5,0,0.285714285714286,6.62295081967213,45.75,50.5,0,0.4
"426",426,"UT Khawaja",NA,NA,NA,NA,NA,1.33333333333333,0.166666666666667,1.20952380952381,31.75,-0.168831168831169,1.33333333333333,0.166666666666667,1.20952380952381,31.75,-0.168831168831169,NA,NA,NA,NA,NA,NA,NA,NA,NA,NA,NA,NA,NA,NA,NA
"427",427,"HM Amla",0.885135135135135,0.3,1.41891891891892,60,0.661087866108787,1.43540669856459,0.1875,1.38038277511962,48.0833333333333,-0.0771812080536913,1.43540669856459,0.1875,1.38038277511962,48.0833333333333,-0.0771812080536913,NA,NA,NA,NA,NA,NA,NA,NA,NA,NA,NA,NA,NA,NA,NA
"428",428,"F Behardien",NA,NA,NA,NA,NA,1.53846153846154,0.333333333333333,1.07692307692308,7,-0.666666666666667,1.53846153846154,0.333333333333333,1.07692307692308,7,-0.666666666666667,NA,NA,NA,NA,NA,NA,NA,NA,NA,NA,NA,NA,NA,NA,NA
"429",429,"BB Sran",NA,NA,NA,NA,NA,0,1,1,Inf,1,0,1,1,Inf,1,13.8461538461538,Inf,Inf,0,0,8.71384615384615,23.2142857142857,33.7142857142857,0,0.933333333333333,9.04347826086956,24.6428571428571,37.1428571428571,0,0.875
"430",430,"A Zampa",0.571428571428571,0,0.714285714285714,5,0.166666666666667,1.25,0,0.625,2.5,-0.833333333333333,1.25,0,0.625,2.5,-0.833333333333333,8.26229508196721,17.4285714285714,24,0,1.16666666666667,7.78666666666667,11.8421052631579,15.3684210526316,0,1.72727272727273,7.78666666666667,11.8421052631579,15.3684210526316,0,1.72727272727273
"431",431,"N Rana",0.714801444043321,0,1.20216606498195,30.2727272727273,0.572033898305085,0.873239436619718,0,1.23098591549296,31.2142857142857,0.433447098976109,0.873239436619718,0,1.23098591549296,31.2142857142857,0.433447098976109,NA,NA,NA,NA,NA,3,Inf,Inf,0,0,3,Inf,Inf,0,0
"432",432,"S Kaushik",NA,NA,NA,NA,NA,0,0,0,0,0,0,0,0,0,0,10.1470588235294,Inf,Inf,0,0,9.08571428571429,35,53,0,0.6,9.08571428571429,35,53,0,0.6
"433",433,"ER Dwivedi",NA,NA,NA,NA,NA,1.33333333333333,0,1.6,12,0.363636363636364,1.33333333333333,0,1.6,12,0.363636363636364,NA,NA,NA,NA,NA,NA,NA,NA,NA,NA,NA,NA,NA,NA,NA
"434",434,"CJ Jordan",0,0,0,0,0,0,0.5,0.6,3,0.6,0,0.5,0.6,3,0.6,10.2857142857143,7,12,0,1,9.73404255319149,15.6666666666667,25.4166666666667,0.1,0.888888888888889,9.73404255319149,15.6666666666667,25.4166666666667,0.1,0.888888888888889
"435",435,"P Amarnath",NA,NA,NA,NA,NA,NA,NA,NA,NA,NA,NA,NA,NA,NA,NA,NA,NA,NA,NA,NA,NA,NA,NA,NA,NA,NA,NA,NA,NA,NA
"436",436,"B Geeves",NA,NA,NA,NA,NA,NA,NA,NA,NA,NA,NA,NA,NA,NA,NA,NA,NA,NA,NA,NA,NA,NA,NA,NA,NA,NA,NA,NA,NA,NA
"437",437,"Gagandeep Singh",NA,NA,NA,NA,NA,NA,NA,NA,NA,NA,NA,NA,NA,NA,NA,NA,NA,NA,NA,NA,NA,NA,NA,NA,NA,NA,NA,NA,NA,NA
"438",438,"A Nel",NA,NA,NA,NA,NA,NA,NA,NA,NA,NA,NA,NA,NA,NA,NA,NA,NA,NA,NA,NA,NA,NA,NA,NA,NA,NA,NA,NA,NA,NA
"439",439,"AM Salvi",NA,NA,NA,NA,NA,NA,NA,NA,NA,NA,NA,NA,NA,NA,NA,NA,NA,NA,NA,NA,NA,NA,NA,NA,NA,NA,NA,NA,NA,NA
"440",440,"RR Bose",NA,NA,NA,NA,NA,NA,NA,NA,NA,NA,NA,NA,NA,NA,NA,NA,NA,NA,NA,NA,NA,NA,NA,NA,NA,NA,NA,NA,NA,NA
"441",441,"SS Sarkar",NA,NA,NA,NA,NA,NA,NA,NA,NA,NA,NA,NA,NA,NA,NA,NA,NA,NA,NA,NA,NA,NA,NA,NA,NA,NA,NA,NA,NA,NA
"442",442,"RA Shaikh",NA,NA,NA,NA,NA,NA,NA,NA,NA,NA,NA,NA,NA,NA,NA,NA,NA,NA,NA,NA,NA,NA,NA,NA,NA,NA,NA,NA,NA,NA
"443",443,"C Ganapathy",NA,NA,NA,NA,NA,NA,NA,NA,NA,NA,NA,NA,NA,NA,NA,NA,NA,NA,NA,NA,NA,NA,NA,NA,NA,NA,NA,NA,NA,NA
"444",444,"MB Parmar",NA,NA,NA,NA,NA,NA,NA,NA,NA,NA,NA,NA,NA,NA,NA,NA,NA,NA,NA,NA,NA,NA,NA,NA,NA,NA,NA,NA,NA,NA
"445",445,"AA Kazi",NA,NA,NA,NA,NA,NA,NA,NA,NA,NA,NA,NA,NA,NA,NA,NA,NA,NA,NA,NA,NA,NA,NA,NA,NA,NA,NA,NA,NA,NA
"446",446,"Anand Rajan",NA,NA,NA,NA,NA,NA,NA,NA,NA,NA,NA,NA,NA,NA,NA,NA,NA,NA,NA,NA,NA,NA,NA,NA,NA,NA,NA,NA,NA,NA
"447",447,"P Prasanth",NA,NA,NA,NA,NA,NA,NA,NA,NA,NA,NA,NA,NA,NA,NA,NA,NA,NA,NA,NA,NA,NA,NA,NA,NA,NA,NA,NA,NA,NA
"448",448,"SS Mundhe",NA,NA,NA,NA,NA,NA,NA,NA,NA,NA,NA,NA,NA,NA,NA,NA,NA,NA,NA,NA,NA,NA,NA,NA,NA,NA,NA,NA,NA,NA
"449",449,"RW Price",NA,NA,NA,NA,NA,NA,NA,NA,NA,NA,NA,NA,NA,NA,NA,NA,NA,NA,NA,NA,NA,NA,NA,NA,NA,NA,NA,NA,NA,NA
"450",450,"TP Sudhindra",NA,NA,NA,NA,NA,NA,NA,NA,NA,NA,NA,NA,NA,NA,NA,NA,NA,NA,NA,NA,NA,NA,NA,NA,NA,NA,NA,NA,NA,NA
"451",451,"BW Hilfenhaus",NA,NA,NA,NA,NA,NA,NA,NA,NA,NA,NA,NA,NA,NA,NA,NA,NA,NA,NA,NA,NA,NA,NA,NA,NA,NA,NA,NA,NA,NA
"452",452,"S Badree",0,0,0.52,2.6,0.52,0,0,0.52,2.6,0.52,0,0,0.52,2.6,0.52,7.78807947019868,16.7777777777778,21.7777777777778,0.142857142857143,0.833333333333333,7.78807947019868,16.7777777777778,21.7777777777778,0.142857142857143,0.833333333333333,7.78807947019868,16.7777777777778,21.7777777777778,0.142857142857143,0.833333333333333
"453",453,"P Suyal",NA,NA,NA,NA,NA,NA,NA,NA,NA,NA,NA,NA,NA,NA,NA,NA,NA,NA,NA,NA,NA,NA,NA,NA,NA,9.85074626865672,Inf,Inf,0,0
"454",454,"MG Neser",NA,NA,NA,NA,NA,NA,NA,NA,NA,NA,NA,NA,NA,NA,NA,NA,NA,NA,NA,NA,NA,NA,NA,NA,NA,NA,NA,NA,NA,NA
"455",455,"V Shankar",0.701298701298701,0.5,1.31168831168831,50.5,0.734375,1.55844155844156,0.5,1.31168831168831,50.5,-0.358490566037736,1.55844155844156,0.5,1.31168831168831,50.5,-0.358490566037736,NA,NA,NA,NA,NA,NA,NA,NA,NA,NA,NA,NA,NA,NA,NA
"456",456,"K Santokie",NA,NA,NA,NA,NA,NA,NA,NA,NA,NA,NA,NA,NA,NA,NA,NA,NA,NA,NA,NA,NA,NA,NA,NA,NA,NA,NA,NA,NA,NA
"457",457,"JW Hastings",NA,NA,NA,NA,NA,NA,NA,NA,NA,NA,NA,NA,NA,NA,NA,NA,NA,NA,NA,NA,5.57142857142857,21,19.5,0,1,5.57142857142857,21,19.5,0,1
"458",458,"TA Boult",0,1,0.625,Inf,0.625,0,1,0.625,Inf,0.625,0,1,0.625,Inf,0.625,9.44594594594595,29.6,46.6,0,0.833333333333333,9.44827586206897,29,45.6666666666667,0,0.857142857142857,8.95774647887324,23.6666666666667,35.3333333333333,0,1.07142857142857
"459",459,"GS Sandhu",NA,NA,NA,NA,NA,NA,NA,NA,NA,NA,NA,NA,NA,NA,NA,NA,NA,NA,NA,NA,NA,NA,NA,NA,NA,11.25,48,90,0,0.5
"460",460,"Mustafizur Rahman",NA,NA,NA,NA,NA,NA,NA,NA,NA,NA,NA,NA,NA,NA,NA,12.3529411764706,Inf,Inf,0,0,7.29770992366412,23.1176470588235,28.1176470588235,0,1,7.29770992366412,23.1176470588235,28.1176470588235,0,1
"461",461,"AF Milne",0,0,0.583333333333333,3.5,0.583333333333333,0,0,0.583333333333333,3.5,0.583333333333333,0,0,0.583333333333333,3.5,0.583333333333333,10.2666666666667,30,51.3333333333333,0,0.75,10.6434782608696,28.75,51,0,0.8,10.6434782608696,28.75,51,0,0.8
"462",462,"Kuldeep Yadav",0.363636363636364,0,0.909090909090909,10,0.6,0.909090909090909,0,0.909090909090909,10,0,0.909090909090909,0,0.909090909090909,10,0,8.52,20.8333333333333,29.5833333333333,0,1.09090909090909,8.61111111111111,18,25.8333333333333,0,1.28571428571429,8.61111111111111,18,25.8333333333333,0,1.28571428571429
"463",463,"T Shamsi",NA,NA,NA,NA,NA,NA,NA,NA,NA,NA,NA,NA,NA,NA,NA,NA,NA,NA,NA,NA,9.6875,32,51.6666666666667,0,0.75,9.6875,32,51.6666666666667,0,0.75
"464",464,"SM Boland",NA,NA,NA,NA,NA,NA,NA,NA,NA,NA,NA,NA,NA,NA,NA,NA,NA,NA,NA,NA,8.23255813953488,21.5,29.5,0,1,8.23255813953488,21.5,29.5,0,1
"465",465,"DL Chahar",2,0,2.33333333333333,14,0.5,0,0,2.33333333333333,14,2.33333333333333,0,0,2.33333333333333,14,2.33333333333333,10.6363636363636,44,78,0,0.333333333333333,9.66233766233766,77,124,0,0.2,9.66233766233766,77,124,0,0.2
"466",466,"P Dharmani",NA,NA,NA,NA,NA,NA,NA,NA,NA,NA,NA,NA,NA,NA,NA,NA,NA,NA,NA,NA,NA,NA,NA,NA,NA,NA,NA,NA,NA,NA
"467",467,"RV Pawar",NA,NA,NA,NA,NA,NA,NA,NA,NA,NA,NA,NA,NA,NA,NA,NA,NA,NA,NA,NA,NA,NA,NA,NA,NA,NA,NA,NA,NA,NA
"468",468,"KH Devdhar",NA,NA,NA,NA,NA,NA,NA,NA,NA,NA,NA,NA,NA,NA,NA,NA,NA,NA,NA,NA,NA,NA,NA,NA,NA,NA,NA,NA,NA,NA
"469",469,"T Mishra",NA,NA,NA,NA,NA,NA,NA,NA,NA,NA,NA,NA,NA,NA,NA,NA,NA,NA,NA,NA,NA,NA,NA,NA,NA,NA,NA,NA,NA,NA
"470",470,"A Choudhary",0.5,0.333333333333333,1.25,25,0.833333333333333,0.5,0.333333333333333,1.25,25,0.833333333333333,0.5,0.333333333333333,1.25,25,0.833333333333333,8.44444444444444,21.6,30.4,0,1,8.44444444444444,21.6,30.4,0,1,8.44444444444444,21.6,30.4,0,1
"471",471,"AJ Tye",1.13333333333333,0.666666666666667,1.76666666666667,53,0.826086956521739,1.33333333333333,0.666666666666667,1.76666666666667,53,0.590909090909091,1.33333333333333,0.666666666666667,1.76666666666667,53,0.590909090909091,7.171875,10.6666666666667,12.75,0.166666666666667,1.4,7.171875,10.6666666666667,12.75,0.166666666666667,1.4,7.171875,10.6666666666667,12.75,0.166666666666667,1.4
"472",472,"Ankit Soni",0.666666666666667,0.333333333333333,0.777777777777778,3.5,0.125,0,0.333333333333333,0.777777777777778,3.5,0.777777777777778,0,0.333333333333333,0.777777777777778,3.5,0.777777777777778,7.98214285714286,56,74.5,0,0.333333333333333,7.98214285714286,56,74.5,0,0.333333333333333,7.98214285714286,56,74.5,0,0.333333333333333
"473",473,"AR Bawne",0.333333333333333,1,1,Inf,0.727272727272727,0.833333333333333,1,1,Inf,0.2,0.833333333333333,1,1,Inf,0.2,NA,NA,NA,NA,NA,NA,NA,NA,NA,NA,NA,NA,NA,NA,NA
"474",474,"Avesh Khan",NA,NA,NA,NA,NA,NA,NA,NA,NA,NA,NA,NA,NA,NA,NA,6.25,24,25,0,1,6.25,24,25,0,1,6.25,24,25,0,1
"475",475,"B Stanlake",NA,NA,NA,NA,NA,NA,NA,NA,NA,NA,NA,NA,NA,NA,NA,8.64,25,36,0,1,8.64,25,36,0,1,8.64,25,36,0,1
"476",476,"BA Stokes",0.784140969162996,0,1.3920704845815,31.6,0.726315789473684,0.969162995594714,0,1.3920704845815,31.6,0.524590163934426,0.969162995594714,0,1.3920704845815,31.6,0.524590163934426,7.64233576642336,22.8333333333333,29.0833333333333,0,1,7.64233576642336,22.8333333333333,29.0833333333333,0,1,7.64233576642336,22.8333333333333,29.0833333333333,0,1
"477",477,"Basil Thampi",0.333333333333333,0.8,0.933333333333333,Inf,0.642857142857143,0.333333333333333,0.8,0.933333333333333,Inf,0.642857142857143,0.333333333333333,0.8,0.933333333333333,Inf,0.642857142857143,9.53956834532374,25.2727272727273,40.1818181818182,0,0.916666666666667,9.53956834532374,25.2727272727273,40.1818181818182,0,0.916666666666667,9.53956834532374,25.2727272727273,40.1818181818182,0,0.916666666666667
"478",478,"C de Grandhomme",0.826086956521739,0.111111111111111,1.3695652173913,15.75,0.657894736842105,1.08695652173913,0.111111111111111,1.3695652173913,15.75,0.361111111111111,1.08695652173913,0.111111111111111,1.3695652173913,15.75,0.361111111111111,8.52941176470588,25.5,36.25,0,0.444444444444444,8.52941176470588,25.5,36.25,0,0.444444444444444,8.52941176470588,25.5,36.25,0,0.444444444444444
"479",479,"CR Woakes",0.468085106382979,0.571428571428571,0.978723404255319,15.3333333333333,0.571428571428571,0.851063829787234,0.571428571428571,0.978723404255319,15.3333333333333,0.153846153846154,0.851063829787234,0.571428571428571,0.978723404255319,15.3333333333333,0.153846153846154,8.93525179856115,16.3529411764706,24.3529411764706,0,1.30769230769231,8.93525179856115,16.3529411764706,24.3529411764706,0,1.30769230769231,8.93525179856115,16.3529411764706,24.3529411764706,0,1.30769230769231
"480",480,"DM Bravo",0.8,1,1.2,Inf,0.5,2,1,1.2,Inf,-1.33333333333333,2,1,1.2,Inf,-1.33333333333333,NA,NA,NA,NA,NA,NA,NA,NA,NA,NA,NA,NA,NA,NA,NA
"481",481,"JJ Roy",1.02439024390244,0.333333333333333,1.4390243902439,29.5,0.548387096774194,2.19512195121951,0.333333333333333,1.4390243902439,29.5,-1.34782608695652,2.19512195121951,0.333333333333333,1.4390243902439,29.5,-1.34782608695652,NA,NA,NA,NA,NA,NA,NA,NA,NA,NA,NA,NA,NA,NA,NA
"482",482,"K Rabada",0.382352941176471,0,0.808823529411765,18.3333333333333,0.467741935483871,0.735294117647059,0,0.808823529411765,18.3333333333333,0.0862068965517241,0.735294117647059,0,0.808823529411765,18.3333333333333,0.0862068965517241,9.81021897810219,22.8333333333333,37.3333333333333,0,1,9.81021897810219,22.8333333333333,37.3333333333333,0,1,9.81021897810219,22.8333333333333,37.3333333333333,0,1
"483",483,"LH Ferguson",0,1,1,Inf,1,0,1,1,Inf,1,0,1,1,Inf,1,7.44827586206897,29,36,0,0.75,7.44827586206897,29,36,0,0.75,7.44827586206897,29,36,0,0.75
"484",484,"MJ Henry",NA,NA,NA,NA,NA,NA,NA,NA,NA,NA,NA,NA,NA,NA,NA,13.9354838709677,31,72,0,0.5,13.9354838709677,31,72,0,0.5,13.9354838709677,31,72,0,0.5
"485",485,"Mohammad Nabi",0,0,0.666666666666667,2,0.666666666666667,0,0,0.666666666666667,2,0.666666666666667,0,0,0.666666666666667,2,0.666666666666667,5.45454545454545,33,30,0,0.666666666666667,5.45454545454545,33,30,0,0.666666666666667,5.45454545454545,33,30,0,0.666666666666667
"486",486,"Mohammed Siraj",NA,NA,NA,NA,NA,NA,NA,NA,NA,NA,NA,NA,NA,NA,NA,9.31914893617021,14.1,21.9,0.166666666666667,1.2,9.31914893617021,14.1,21.9,0.166666666666667,1.2,9.31914893617021,14.1,21.9,0.166666666666667,1.2
"487",487,"NB Singh",NA,NA,NA,NA,NA,NA,NA,NA,NA,NA,NA,NA,NA,NA,NA,5.28,25,22,0,0.5,5.28,25,22,0,0.5,5.28,25,22,0,0.5
"488",488,"RA Tripathi",0.996363636363636,0.142857142857143,1.42181818181818,35.5454545454545,0.544186046511628,1.56363636363636,0.142857142857143,1.42181818181818,35.5454545454545,-0.206349206349206,1.56363636363636,0.142857142857143,1.42181818181818,35.5454545454545,-0.206349206349206,12,Inf,Inf,0,0,12,Inf,Inf,0,0,12,Inf,Inf,0,0
"489",489,"Rashid Khan",0.666666666666667,0.333333333333333,1.22222222222222,5.5,0.625,0,0.333333333333333,1.22222222222222,5.5,1.22222222222222,0,0.333333333333333,1.22222222222222,5.5,1.22222222222222,7.02439024390244,19.2941176470588,22.5882352941176,0,1.21428571428571,7.02439024390244,19.2941176470588,22.5882352941176,0,1.21428571428571,7.02439024390244,19.2941176470588,22.5882352941176,0,1.21428571428571
"490",490,"RD Chahar",0,1,1.5,Inf,1.5,0,1,1.5,Inf,1.5,0,1,1.5,Inf,1.5,8.34782608695652,23,32,0,1,8.34782608695652,23,32,0,1,8.34782608695652,23,32,0,1
"491",491,"SP Jackson",0.645161290322581,0.333333333333333,1.2258064516129,19,0.692307692307692,1.61290322580645,0.333333333333333,1.2258064516129,19,-0.571428571428571,1.61290322580645,0.333333333333333,1.2258064516129,19,-0.571428571428571,NA,NA,NA,NA,NA,NA,NA,NA,NA,NA,NA,NA,NA,NA,NA
"492",492,"SS Agarwal",NA,NA,NA,NA,NA,NA,NA,NA,NA,NA,NA,NA,NA,NA,NA,10.5,24,42,0,1,10.5,24,42,0,1,10.5,24,42,0,1
"493",493,"T Natarajan",NA,NA,NA,NA,NA,NA,NA,NA,NA,NA,NA,NA,NA,NA,NA,9,41,61.5,0,0.333333333333333,9,41,61.5,0,0.333333333333333,9,41,61.5,0,0.333333333333333
"494",494,"Tejas Baroka",NA,NA,NA,NA,NA,NA,NA,NA,NA,NA,NA,NA,NA,NA,NA,9.42857142857143,Inf,Inf,0,0,9.42857142857143,Inf,Inf,0,0,9.42857142857143,Inf,Inf,0,0
"495",495,"TS Mills",0.545454545454545,0,0.727272727272727,2.66666666666667,0.2,0,0,0.727272727272727,2.66666666666667,0.727272727272727,0,0,0.727272727272727,2.66666666666667,0.727272727272727,9.18918918918919,22.2,34,0,1,9.18918918918919,22.2,34,0,1,9.18918918918919,22.2,34,0,1
"496",496,"Vishnu Vinod",0.384615384615385,0,0.730769230769231,9.5,0.375,0.384615384615385,0,0.730769230769231,9.5,0.375,0.384615384615385,0,0.730769230769231,9.5,0.375,NA,NA,NA,NA,NA,NA,NA,NA,NA,NA,NA,NA,NA,NA,NA
"497",497,"Washington Sundar",0,1,0.75,Inf,0.75,0,1,0.75,Inf,0.75,0,1,0.75,Inf,0.75,6.42857142857143,22.75,24.375,0,0.8,6.42857142857143,22.75,24.375,0,0.8,6.42857142857143,22.75,24.375,0,0.8
